sortie_id,cadet_id,instructor_id,aircraft_id,base_id,scheduled_start,scheduled_end,actual_start,actual_end,status,delay_minutes,cancel_reason,lesson_type,name_cadet,course_cadet,home_base_cadet,total_required_hours_cadet,total_flown_hours_cadet,enrollment_date_cadet,name_instr,base_id_instr,aircraft_qualified_instr,total_duty_hours_instr,total_flight_hours_instr,registration_ac,type_ac,base_id_ac,total_available_hours_ac,maintenance_downtime_hours_ac,defect_count_ac,data_issues
S0001,C073,I019,A015,B01,2026-05-20 19:00:00,2026-05-20 20:30:00,2026-05-20 19:05:00,2026-05-20 20:35:00,completed,5,,General Handling,Sneha Gupta,CPL,B04,200,58.8,2026-04-23,Capt Pillai 19,B01,SR20,171,166,VT-JET015,SR20,B01,165,34,9,
S0002,C050,I042,A050,B01,2026-06-13 02:00:00,2026-06-13 03:30:00,2026-06-13 02:20:00,2026-06-13 03:50:00,completed,20,,Circuit,Neha Sharma,CPL,B02,200,119.2,2025-04-08,Capt Pillai 42,B01,SR20,175,121,VT-JET050,SR20,B01,213,21,15,
S0003,C136,I040,A029,B01,2026-05-28 09:00:00,2026-05-28 10:00:00,2026-05-28 09:05:00,2026-05-28 10:05:00,completed,5,,General Handling,Anita Krishnamurthy,PPL,B04,45,27.7,2025-06-25,Capt Menon 40,B01,C152,114,85,VT-AIR029,C152,B01,127,52,11,
S0004,C134,I095,A047,B03,2026-05-13 13:00:00,2026-05-13 14:00:00,2026-05-13 13:05:00,2026-05-13 14:05:00,completed,5,,Solo,Meera Iyer,PPL,B02,45,22.5,2025-09-03,Capt Singh 95,B03,C152,114,113,VT-FOX047,C152,B03,202,62,7,
S0005,C105,I075,A069,B01,2026-05-09 13:00:00,2026-05-09 15:00:00,2026-05-09 13:15:00,2026-05-09 15:15:00,completed,15,,Solo,Arjun Malhotra,CPL,B01,200,134.9,2025-12-29,Capt Singh 75,B01,DA42,201,134,VT-JET069,DA42,B01,156,22,4,
S0006,C062,I023,A033,B02,2026-06-02 06:00:00,2026-06-02 07:00:00,2026-06-02 06:20:00,2026-06-02 07:20:00,completed,20,,General Handling,Nidhi Dwivedi,PPL,B03,45,41.6,2025-01-02,Capt Menon 23,B02,DA40,116,86,VT-SKY033,DA40,B02,192,48,6,
S0007,C147,I023,A079,B02,2026-06-04 15:00:00,2026-06-04 16:00:00,2026-06-04 15:45:00,2026-06-04 16:45:00,completed,45,,Instrument Flying,Hemant Reddy,PPL,B04,45,20.4,2026-02-24,Capt Menon 23,B02,DA40,116,86,VT-JET079,DA40,B02,150,55,2,
S0008,C124,I019,A050,B01,2026-06-09 13:00:00,2026-06-09 14:30:00,,,cancelled,0,ATC Restriction,Circuit,Lata Nambiar,CPL,B01,200,53.5,2026-03-09,Capt Pillai 19,B01,SR20,171,166,VT-JET050,SR20,B01,213,21,15,
S0009,C029,I015,A042,B02,2026-06-06 15:00:00,2026-06-06 17:00:00,2026-06-06 16:00:00,2026-06-06 18:00:00,completed,60,,Navigation,Tanya Gupta,CPL,B04,200,90.7,2026-04-11,Capt Menon 15,B02,DA40,173,51,VT-JET042,DA40,B02,147,54,5,
S0010,C109,I095,A001,B03,2026-06-03 19:00:00,2026-06-03 20:30:00,2026-06-03 19:10:00,2026-06-03 20:40:00,completed,10,,Night Flying,Priya Sharma,CPL,B01,200,174.8,2026-01-07,Capt Singh 95,B03,C152,114,113,VT-SKY001,C152,B03,126,22,3,
S0011,C140,I039,A012,B03,2026-06-07 19:00:00,2026-06-07 21:00:00,2026-06-07 20:15:00,2026-06-07 22:15:00,completed,75,,Solo,Geeta Raman,PPL,B04,45,31.5,2026-03-27,Capt Bose 39,B03,DA40,208,91,VT-AIR012,DA40,B03,182,38,12,
S0012,C100,I085,A002,B03,2026-05-26 18:00:00,2026-05-26 19:00:00,2026-05-26 19:15:00,2026-05-26 20:15:00,completed,75,,General Handling,Rahul Gupta,CPL,B03,200,161.8,2025-12-05,Capt Kapoor 85,B03,SR20,172,125,VT-EAG002,SR20,B03,124,29,10,
S0013,C140,I028,A016,B02,2026-06-11 21:00:00,2026-06-11 23:00:00,2026-06-11 21:45:00,2026-06-11 23:45:00,completed,45,,Navigation,Geeta Raman,PPL,B04,45,31.5,2026-03-27,Capt Iyer 28,B02,C152,166,44,VT-EAG016,C152,B02,183,192,4,maintenance_data_error
S0014,C033,I011,A100,B03,2026-06-20 19:00:00,2026-06-20 20:30:00,2026-06-20 19:00:00,2026-06-20 20:30:00,completed,0,,Night Flying,Neha Verma,CPL,B02,200,148.8,2025-03-31,Capt Sharma 11,B03,C152,142,42,VT-EAG100,C152,B03,135,55,1,
S0015,C058,I057,A017,B01,2026-06-29 04:00:00,2026-06-29 05:00:00,2026-06-29 04:15:00,2026-06-29 05:15:00,completed,15,,Cross Country,Rohan Nair,PPL,B03,45,12.8,2025-08-20,Capt Singh 57,B02,C152,198,53,VT-JET017,C152,B01,188,61,0,instructor_base_mismatch
S0016,C032,I063,A119,B04,2026-05-09 19:00:00,2026-05-09 20:00:00,2026-05-09 20:15:00,2026-05-09 21:15:00,completed,75,,Navigation,Rohan Malhotra,PPL,B01,45,11.1,2025-08-02,Capt Verma 63,B04,PA28,92,52,VT-SKY119,PA28,B04,204,84,4,
S0017,C125,I098,A055,B02,2026-06-30 19:00:00,2026-06-30 20:00:00,2026-06-30 19:05:00,2026-06-30 20:05:00,completed,5,,Solo,Kabir Singh,PPL,B02,45,22.3,2025-04-18,Capt Gupta 98,B02,DA42,108,97,VT-JET055,DA42,B02,197,6,6,
S0018,C107,I017,A066,B02,2026-05-28 14:00:00,2026-05-28 15:00:00,2026-05-28 14:30:00,2026-05-28 15:30:00,completed,30,,Solo,Nikhil Pillai,CPL,B02,200,107.8,2025-09-06,Capt Verma 17,B02,DA40,143,100,VT-HAW066,DA40,B02,185,8,14,
S0019,C049,I070,A097,B02,2026-05-16 01:00:00,2026-05-16 02:00:00,2026-05-16 01:00:00,2026-05-16 02:00:00,completed,0,,Night Flying,Ravi Shukla,PPL,B01,45,34.8,2025-05-09,Capt Sharma 70,B02,PA28,87,44,VT-JET097,PA28,B02,169,5,0,
S0020,C033,I083,A073,B02,2026-05-30 02:00:00,2026-05-30 04:00:00,2026-05-30 02:00:00,2026-05-30 04:00:00,completed,0,,General Handling,Neha Verma,CPL,B02,200,148.8,2025-03-31,Capt Pillai 83,B02,C152,82,70,VT-AIR073,C152,B02,219,90,13,
S0021,C073,I075,A040,B01,2026-05-11 05:00:00,2026-05-11 06:00:00,2026-05-11 05:20:00,2026-05-11 06:20:00,completed,20,,Solo,Sneha Gupta,CPL,B04,200,58.8,2026-04-23,Capt Singh 75,B01,DA42,201,134,VT-SKY040,DA42,B01,209,79,11,
S0022,C097,I017,A058,B02,2026-05-09 04:00:00,2026-05-09 05:00:00,2026-05-09 04:30:00,2026-05-09 05:30:00,completed,30,,Instrument Flying,Deepa Patil,PPL,B01,45,6.4,2025-09-17,Capt Verma 17,B02,DA40,143,100,VT-EAG058,DA40,B02,176,74,2,
S0023,C074,I030,A057,B01,2026-06-04 00:00:00,2026-06-04 01:30:00,2026-06-04 00:15:00,2026-06-04 01:45:00,completed,15,,Instrument Flying,Tarun Agrawal,PPL,B04,45,35.4,2025-11-29,Capt Singh 30,B01,DA40,115,94,VT-AIR057,DA40,B01,183,64,3,
S0024,C085,I100,A112,B03,2026-05-08 06:00:00,2026-05-08 07:30:00,2026-05-08 06:15:00,2026-05-08 07:45:00,completed,15,,Cross Country,Priya Gupta,CPL,B04,200,124.2,2025-04-18,Capt Bose 100,B04,DA42,154,116,VT-JET112,DA42,B03,166,70,9,instructor_base_mismatch
S0025,C060,I072,A104,B02,2026-05-20 15:00:00,2026-05-20 16:30:00,2026-05-20 15:00:00,2026-05-20 16:30:00,completed,0,,Solo,Gaurav Mishra,CPL,B04,200,103.9,2025-08-10,Capt Rao 72,B02,PA28,209,50,VT-SKY104,PA28,B02,125,32,1,
S0026,C123,I006,A070,B01,2026-06-02 06:00:00,2026-06-02 08:00:00,2026-06-02 06:10:00,2026-06-02 08:10:00,completed,10,,Solo,Rahul Sharma,CPL,B01,200,169.1,2025-07-21,Capt Verma 6,B01,SR20,101,100,VT-FOX070,SR20,B01,135,34,14,
S0027,C036,I085,A120,B02,2026-05-25 18:00:00,2026-05-25 19:30:00,2026-05-25 18:30:00,2026-05-25 20:00:00,completed,30,,Cross Country,Vikram Malhotra,PPL,B03,45,20.7,2025-03-24,Capt Kapoor 85,B03,SR20,172,125,VT-JET120,SR20,B02,184,17,15,instructor_base_mismatch
S0028,C114,I058,A049,B04,2026-05-18 19:00:00,2026-05-18 20:30:00,2026-05-18 19:20:00,2026-05-18 20:50:00,completed,20,,Solo,Vikram Malhotra,CPL,B03,200,103.6,2025-10-15,Capt Kapoor 58,B04,C172,96,91,VT-SKY049,C172,B04,126,16,15,
S0029,C045,I032,A067,B04,2026-05-28 01:00:00,2026-05-28 02:30:00,2026-05-28 01:30:00,2026-05-28 03:00:00,completed,30,,Night Flying,Vikram Sharma,PPL,B02,45,16.3,2025-12-11,Capt Sharma 32,B04,SR20,102,62,VT-AIR067,SR20,B04,148,31,12,
S0030,C010,I030,A057,B01,2026-06-20 19:00:00,2026-06-20 20:30:00,,,cancelled,0,ATC Restriction,Instrument Flying,Dev Kapoor,PPL,B03,45,34.4,2026-04-13,Capt Singh 30,B01,DA40,115,94,VT-AIR057,DA40,B01,183,64,3,
S0031,C088,I089,A094,B03,2026-06-13 17:00:00,2026-06-13 18:00:00,2026-06-13 17:45:00,2026-06-13 18:45:00,completed,45,,Instrument Flying,Priya Bose,CPL,B02,200,175.4,2025-02-02,Capt Menon 89,B03,DA40,202,110,VT-SKY094,DA40,B03,205,73,9,
S0032,C122,I062,A086,B04,2026-05-05 02:00:00,2026-05-05 03:00:00,2026-05-05 02:10:00,2026-05-05 03:10:00,completed,10,,Solo,Girish Kamath,CPL,B03,200,176.6,2025-08-12,Capt Rao 62,B04,DA40,212,57,VT-EAG086,DA40,B04,168,28,3,
S0033,C011,I041,A048,B03,2026-05-30 07:00:00,2026-05-30 09:00:00,2026-05-30 07:30:00,2026-05-30 09:30:00,completed,30,,General Handling,Sanya Gupta,CPL,B02,200,11.0,2025-03-06,Capt Iyer 41,B03,SR20,101,69,VT-EAG048,SR20,B03,208,63,10,
S0034,C047,I028,A105,B02,2026-06-12 15:00:00,2026-06-12 16:30:00,2026-06-12 16:00:00,2026-06-12 17:30:00,completed,60,,Instrument Flying,Tanya Bose,PPL,B01,45,8.6,2025-11-18,Capt Iyer 28,B02,C152,166,44,VT-SKY105,C152,B02,190,33,12,
S0035,C055,I069,A091,B01,2026-05-30 00:00:00,2026-05-30 01:30:00,2026-05-30 00:05:00,2026-05-30 01:35:00,completed,5,,General Handling,Tanya Kapoor,CPL,B03,200,162.5,2025-04-29,Capt Pillai 69,B01,PA28,84,51,VT-SKY091,PA28,B01,166,28,8,
S0036,C135,I069,A006,B01,2026-06-22 21:00:00,2026-06-22 22:00:00,2026-06-22 21:15:00,2026-06-22 22:15:00,completed,15,,Cross Country,Kiran Bose,CPL,B04,200,166.5,2025-02-18,Capt Pillai 69,B01,PA28,84,51,VT-AIR006,PA28,B01,131,47,9,
S0037,C117,I004,A069,B01,2026-06-21 01:00:00,2026-06-21 02:00:00,2026-06-21 01:10:00,2026-06-21 02:10:00,completed,10,,Circuit,Nikhil Patel,PPL,B02,45,31.4,2025-06-08,Capt Bose 4,B01,DA42,153,76,VT-JET069,DA42,B01,156,22,4,
S0038,C116,I034,A029,B01,2026-05-20 20:00:00,2026-05-20 22:00:00,2026-05-20 21:00:00,2026-05-20 23:00:00,completed,60,,Navigation,Varun Shetty,PPL,B01,45,8.5,2026-03-25,Capt Sharma 34,B01,C152,96,80,VT-AIR029,C152,B01,127,52,11,
S0039,C132,I069,A082,B01,2026-06-18 17:00:00,2026-06-18 19:00:00,2026-06-18 17:30:00,2026-06-18 19:30:00,completed,30,,Circuit,Aditya Pillai,PPL,B01,45,12.3,2025-08-24,Capt Pillai 69,B01,PA28,84,51,VT-AIR082,PA28,B01,151,23,8,
S0040,C066,I054,A099,B01,2026-06-27 02:00:00,2026-06-27 04:00:00,2026-06-27 02:00:00,2026-06-27 04:00:00,completed,0,,Night Flying,Sneha Singh,CPL,B01,200,75.6,2025-08-03,Capt Singh 54,B01,DA40,159,156,VT-JET099,DA40,B01,141,54,0,
S0041,C141,I015,A042,B02,2026-05-29 06:00:00,2026-05-29 07:30:00,2026-05-29 06:00:00,2026-05-29 07:30:00,completed,0,,Solo,Vinod Gopal,PPL,B01,45,12.7,2025-09-13,Capt Menon 15,B02,DA40,173,51,VT-JET042,DA40,B02,147,54,5,
S0042,C010,I089,A084,B03,2026-05-23 03:00:00,2026-05-23 05:00:00,2026-05-23 03:15:00,2026-05-23 05:15:00,completed,15,,Solo,Dev Kapoor,PPL,B03,45,34.4,2026-04-13,Capt Menon 89,B03,DA40,202,110,VT-FOX084,DA40,B03,124,43,0,
S0043,C107,I024,A004,B04,2026-05-05 01:00:00,2026-05-05 03:00:00,,,cancelled,0,Fuel Delay,Night Flying,Nikhil Pillai,CPL,B02,200,107.8,2025-09-06,Capt Menon 24,B04,C172,99,67,VT-JET004,C172,B04,140,5,2,
S0044,C020,I052,A005,B01,2026-05-13 12:00:00,2026-05-13 13:00:00,2026-05-13 12:05:00,2026-05-13 13:05:00,completed,5,,Solo,Kiran Sharma,CPL,B01,200,165.1,2025-08-05,Capt Sharma 52,B01,DA40,114,53,VT-HAW005,C152,B01,120,25,1,qualification_mismatch
S0045,C111,I013,A089,B02,2026-06-11 11:00:00,2026-06-11 13:00:00,,,cancelled,0,Fuel Delay,Cross Country,Kabir Pillai,PPL,B03,45,7.4,2026-04-26,Capt Pillai 13,B02,DA42,88,52,VT-FOX089,DA42,B02,219,66,12,
S0046,C088,I067,A033,B02,2026-05-28 00:00:00,2026-05-28 01:00:00,2026-05-28 00:15:00,2026-05-28 01:15:00,completed,15,,Night Flying,Priya Bose,CPL,B02,200,175.4,2025-02-02,Capt Iyer 67,B03,DA40,219,201,VT-SKY033,DA40,B02,192,48,6,instructor_base_mismatch
S0047,C053,I093,A019,B04,2026-06-01 12:00:00,2026-06-01 13:30:00,2026-06-01 12:00:00,2026-06-01 13:30:00,completed,0,,Cross Country,Nikhil Gupta,PPL,B01,45,10.3,2025-06-21,Capt Rao 93,B04,DA42,184,54,VT-JET019,DA42,B04,207,39,0,
S0048,C041,I075,A069,B01,2026-06-25 08:00:00,2026-06-25 09:00:00,,,cancelled,0,Aircraft Defect,Instrument Flying,Rahul Nair,PPL,B04,45,21.4,2025-02-18,Capt Singh 75,B01,DA42,201,134,VT-JET069,DA42,B01,156,22,4,
S0049,C023,I017,A083,B02,2026-06-19 20:00:00,2026-06-19 21:30:00,2026-06-19 20:00:00,2026-06-19 21:30:00,completed,0,,Circuit,Divya Chaudhary,CPL,B01,200,66.6,2025-04-05,Capt Verma 17,B02,DA40,143,100,VT-FOX083,DA40,B02,173,76,13,payment_calc_error
S0050,C144,I057,A038,B02,2026-06-07 23:00:00,2026-06-08 00:00:00,2026-06-07 23:10:00,2026-06-08 00:10:00,completed,10,,Cross Country,Aditi Menon,PPL,B02,45,24.8,2026-03-01,Capt Singh 57,B02,C152,198,53,VT-FOX038,C152,B02,152,67,4,
S0051,C075,I095,A100,B03,2026-06-29 12:00:00,2026-06-29 14:00:00,,,cancelled,0,Fuel Delay,Instrument Flying,Ishaan Verma,PPL,B02,45,36.2,2025-01-18,Capt Singh 95,B03,C152,114,113,VT-EAG100,C152,B03,135,55,1,
S0052,C101,I021,A003,B03,2026-05-28 22:00:00,2026-05-28 23:30:00,2026-05-28 22:15:00,2026-05-28 23:45:00,completed,15,,Solo,Priti Pawar,PPL,B02,45,36.0,2025-03-13,Capt Menon 21,B03,DA40,154,103,VT-AIR003,DA40,B03,126,146,7,maintenance_data_error
S0053,C041,I053,A037,B04,2026-06-28 07:00:00,2026-06-28 08:00:00,,,cancelled,0,Aircraft Defect,General Handling,Rahul Nair,PPL,B04,45,21.4,2025-02-18,Capt Singh 53,B04,C152,164,106,VT-JET037,C152,B04,188,22,0,
S0054,C146,I099,A093,B03,2026-06-24 10:00:00,2026-06-24 11:00:00,,,cancelled,0,Instructor Unavailable,Cross Country,Pushpa Murthy,PPL,B03,45,26.1,2025-08-11,Capt Singh 99,B03,C172,163,158,VT-JET093,C172,B03,136,21,3,
S0055,C068,I033,A074,B01,2026-05-07 00:00:00,2026-05-07 01:00:00,2026-05-07 00:20:00,2026-05-07 01:20:00,completed,20,,Cross Country,Kabir Iyer,CPL,B03,200,36.1,2025-08-02,Capt Rao 33,B01,PA28,184,156,VT-JET074,PA28,B01,136,61,5,payment_calc_error
S0056,C034,I023,A083,B02,2026-05-02 10:00:00,2026-05-02 12:00:00,2026-05-02 10:05:00,2026-05-02 12:05:00,completed,5,,Night Flying,Aditya Malhotra,PPL,B01,45,27.0,2025-10-08,Capt Menon 23,B02,DA40,116,86,VT-FOX083,DA40,B02,173,76,13,
S0057,C037,I094,A101,B03,2026-05-16 05:00:00,2026-05-16 07:00:00,2026-05-16 05:10:00,2026-05-16 07:10:00,completed,10,,Instrument Flying,Harsh Srivastava,CPL,B02,200,118.5,2025-04-11,Capt Gupta 94,B03,PA28,102,73,VT-HAW101,PA28,B03,201,74,9,
S0058,C011,I011,A026,B03,2026-06-04 09:00:00,2026-06-04 10:30:00,2026-06-04 10:15:00,2026-06-04 11:45:00,completed,75,,General Handling,Sanya Gupta,CPL,B02,200,11.0,2025-03-06,Capt Sharma 11,B03,C152,142,42,VT-EAG026,C152,B03,200,12,4,
S0059,C002,I015,A051,B02,2026-05-06 08:00:00,2026-05-06 09:30:00,2026-05-06 08:20:00,2026-05-06 09:50:00,completed,20,,Instrument Flying,Sanya Gupta,CPL,B04,200,37.6,2025-02-22,Capt Menon 15,B02,DA40,173,51,VT-FOX051,DA40,B02,189,23,1,
S0060,C148,I015,A033,B02,2026-05-02 05:00:00,2026-05-02 07:00:00,2026-05-02 05:30:00,2026-05-02 07:30:00,completed,30,,Instrument Flying,Sudha Kumar,CPL,B04,200,76.8,2026-03-23,Capt Menon 15,B02,DA40,173,51,VT-SKY033,DA40,B02,192,48,6,
S0061,C129,I042,A050,B01,2026-05-02 06:00:00,2026-05-02 07:30:00,2026-05-02 06:20:00,2026-05-02 07:50:00,completed,20,,Circuit,Naveen Thampi,PPL,B02,45,35.7,2025-06-09,Capt Pillai 42,B01,SR20,175,121,VT-JET050,SR20,B01,213,21,15,
S0062,C131,I057,A038,B02,2026-05-06 14:00:00,2026-05-06 15:30:00,2026-05-06 14:10:00,2026-05-06 15:40:00,completed,10,,Instrument Flying,Seema Kutty,CPL,B01,200,72.4,2026-03-08,Capt Singh 57,B02,C152,198,53,VT-FOX038,C152,B02,152,67,4,
S0063,C054,I099,A018,B03,2026-05-18 21:00:00,2026-05-18 23:00:00,2026-05-18 22:15:00,2026-05-19 00:15:00,completed,75,,Cross Country,Nikhil Malhotra,PPL,B04,45,37.1,2025-03-01,Capt Singh 99,B03,C172,163,158,VT-AIR018,C172,B03,137,34,11,
S0064,C095,I075,A053,B01,2026-06-02 23:00:00,2026-06-03 01:00:00,2026-06-02 23:00:00,2026-06-03 01:00:00,completed,0,,Night Flying,Priya Iyer,PPL,B02,45,32.0,2025-02-18,Capt Singh 75,B01,DA42,201,134,VT-AIR053,DA42,B01,213,54,8,
S0065,C117,I024,A049,B04,2026-06-18 15:00:00,2026-06-18 16:30:00,,,cancelled,0,Weather,Solo,Nikhil Patel,PPL,B02,45,31.4,2025-06-08,Capt Menon 24,B04,C172,99,67,VT-SKY049,C172,B04,126,16,15,
S0066,C107,I083,A078,B02,2026-05-11 06:00:00,2026-05-11 08:00:00,2026-05-11 06:00:00,2026-05-11 08:00:00,completed,0,,Circuit,Nikhil Pillai,CPL,B02,200,107.8,2025-09-06,Capt Pillai 83,B02,C152,82,70,VT-FOX078,C152,B02,205,10,7,
S0067,C072,I058,A068,B04,2026-06-28 07:00:00,2026-06-28 08:30:00,2026-06-28 08:15:00,2026-06-28 09:45:00,completed,75,,Circuit,Rohan Menon,PPL,B01,45,7.7,2025-10-03,Capt Kapoor 58,B04,C172,96,91,VT-JET068,C172,B04,191,29,1,
S0068,C078,I022,A086,B04,2026-05-09 08:00:00,2026-05-09 09:30:00,2026-05-09 08:10:00,2026-05-09 09:40:00,completed,10,,Instrument Flying,Rohan Kapoor,CPL,B01,200,119.1,2026-03-14,Capt Sharma 22,B04,DA40,110,55,VT-EAG086,DA40,B04,168,28,3,
S0069,C150,I072,A056,B02,2026-06-20 17:00:00,2026-06-20 18:30:00,2026-06-20 17:20:00,2026-06-20 18:50:00,completed,20,,Night Flying,Arjun Patel,PPL,B02,45,27.9,2026-04-20,Capt Rao 72,B02,PA28,209,50,VT-EAG056,PA28,B02,125,22,9,
S0070,C075,I066,A106,B03,2026-05-15 01:00:00,2026-05-15 03:00:00,2026-05-15 01:00:00,2026-05-15 03:00:00,completed,0,,Instrument Flying,Ishaan Verma,PPL,B02,45,36.2,2025-01-18,Capt Iyer 66,B03,SR20,185,155,VT-HAW106,SR20,B03,192,60,2,
S0071,C009,I008,A003,B03,2026-06-09 19:00:00,2026-06-09 20:00:00,,,cancelled,0,Aircraft Defect,Solo,Rahul Kapoor,CPL,B04,200,90.8,2025-02-27,Capt Verma 8,B03,DA40,91,48,VT-AIR003,DA40,B03,126,146,7,maintenance_data_error
S0072,C014,I091,A110,B01,2026-05-09 08:00:00,2026-05-09 09:00:00,,,cancelled,0,Instructor Unavailable,Cross Country,Sneha Rao,CPL,B01,200,69.0,2026-02-12,Capt Kapoor 91,B01,C152,151,146,VT-JET110,C152,B01,202,89,2,
S0073,C133,I089,A022,B03,2026-05-29 16:00:00,2026-05-29 17:30:00,2026-05-29 17:15:00,2026-05-29 18:45:00,completed,75,,Navigation,Paresh Subramaniam,PPL,B02,45,9.6,2025-04-02,Capt Menon 89,B03,DA40,202,110,VT-SKY022,DA40,B03,189,56,15,
S0074,C093,I008,A094,B03,2026-06-24 17:00:00,2026-06-24 18:00:00,2026-06-24 18:00:00,2026-06-24 19:00:00,completed,60,,Night Flying,Kiran Malhotra,PPL,B04,45,29.1,2026-02-02,Capt Verma 8,B03,DA40,91,48,VT-SKY094,DA40,B03,205,73,9,
S0075,C123,I048,A076,B04,2026-05-14 17:00:00,2026-05-14 18:00:00,2026-05-14 17:10:00,2026-05-14 18:10:00,completed,10,,Circuit,Rahul Sharma,CPL,B01,200,169.1,2025-07-21,Capt Rao 48,B04,PA28,167,149,VT-JET076,PA28,B04,148,34,1,
S0076,C035,I078,A018,B03,2026-05-20 12:00:00,2026-05-20 13:00:00,2026-05-20 12:15:00,2026-05-20 13:15:00,completed,15,,Circuit,Dev Singh,PPL,B02,45,42.3,2025-06-26,Capt Pillai 78,B03,C172,217,211,VT-AIR018,C172,B03,137,34,11,
S0077,C062,I003,A099,B01,2026-06-23 05:00:00,2026-06-23 06:00:00,,,cancelled,0,Fuel Delay,Night Flying,Nidhi Dwivedi,PPL,B03,45,41.6,2025-01-02,Capt Pillai 3,B01,DA40,123,106,VT-JET099,DA40,B01,141,54,0,
S0078,C013,I007,A008,B04,2026-05-26 00:00:00,2026-05-26 01:00:00,2026-05-26 01:00:00,2026-05-26 02:00:00,completed,60,,Night Flying,Dev Gupta,PPL,B02,45,15.2,2026-04-24,Capt Iyer 7,B04,SR20,135,45,VT-FOX008,SR20,B04,218,44,6,
S0079,C004,I091,A030,B01,2026-06-02 01:00:00,2026-06-02 03:00:00,2026-06-02 01:20:00,2026-06-02 03:20:00,completed,20,,Navigation,Vikram Malhotra,PPL,B02,45,30.9,2025-07-24,Capt Kapoor 91,B01,C152,151,146,VT-FOX030,C152,B01,177,62,5,
S0080,C150,I068,A014,B03,2026-05-13 23:00:00,2026-05-14 00:30:00,,,cancelled,0,Aircraft Defect,Solo,Arjun Patel,PPL,B02,45,27.9,2026-04-20,Capt Rao 68,B03,DA42,173,101,VT-SKY014,DA42,B03,144,42,0,
S0081,C060,I075,A040,B01,2026-06-06 04:00:00,2026-06-06 05:30:00,2026-06-06 04:05:00,2026-06-06 05:35:00,completed,5,,Navigation,Gaurav Mishra,CPL,B04,200,103.9,2025-08-10,Capt Singh 75,B01,DA42,201,134,VT-SKY040,DA42,B01,209,79,11,
S0082,C142,I078,A072,B03,2026-06-11 09:00:00,2026-06-11 11:00:00,2026-06-11 09:45:00,2026-06-11 11:45:00,completed,45,,Navigation,Meera Malhotra,CPL,B04,200,89.0,2025-04-16,Capt Pillai 78,B03,C172,217,211,VT-EAG072,C172,B03,126,11,2,
S0083,C087,I086,A112,B03,2026-05-05 01:00:00,2026-05-05 02:30:00,2026-05-05 02:15:00,2026-05-05 03:45:00,completed,75,,Instrument Flying,Manish Shah,PPL,B04,45,10.2,2025-10-26,Capt Kapoor 86,B03,DA42,162,109,VT-JET112,DA42,B03,166,70,9,
S0084,C035,I023,A079,B02,2026-06-14 05:00:00,2026-06-14 07:00:00,,,cancelled,0,Weather,Solo,Dev Singh,PPL,B02,45,42.3,2025-06-26,Capt Menon 23,B02,DA40,116,86,VT-JET079,DA40,B02,150,55,2,
S0085,C049,I019,A050,B01,2026-05-16 18:00:00,2026-05-16 19:00:00,2026-05-16 18:10:00,2026-05-16 19:10:00,completed,10,,Navigation,Ravi Shukla,PPL,B01,45,34.8,2025-05-09,Capt Pillai 19,B01,SR20,171,166,VT-JET050,SR20,B01,213,21,15,
S0086,C049,I041,A002,B03,2026-06-13 04:00:00,2026-06-13 05:00:00,2026-06-13 04:45:00,2026-06-13 05:45:00,completed,45,,Cross Country,Ravi Shukla,PPL,B01,45,34.8,2025-05-09,Capt Iyer 41,B03,SR20,101,69,VT-EAG002,SR20,B03,124,29,10,
S0087,C021,I029,A044,B03,2026-06-30 18:00:00,2026-06-30 19:30:00,2026-06-30 18:05:00,2026-06-30 19:35:00,completed,5,,Cross Country,Aditya Singh,CPL,B01,200,81.7,2025-02-18,Capt Sharma 29,B03,C172,177,128,VT-FOX044,C172,B03,191,53,3,
S0088,C093,I023,A071,B02,2026-05-29 23:00:00,2026-05-30 00:30:00,2026-05-29 23:20:00,2026-05-30 00:50:00,completed,20,,General Handling,Kiran Malhotra,PPL,B04,45,29.1,2026-02-02,Capt Menon 23,B02,DA40,116,86,VT-FOX071,DA40,B02,186,50,12,
S0089,C081,I029,A018,B03,2026-05-15 11:00:00,2026-05-15 12:00:00,2026-05-15 11:05:00,2026-05-15 12:05:00,completed,5,,Instrument Flying,Aditya Sharma,CPL,B04,200,113.8,2025-06-08,Capt Sharma 29,B03,C172,177,128,VT-AIR018,C172,B03,137,34,11,
S0090,C012,I049,A017,B01,2026-06-18 19:00:00,2026-06-18 21:00:00,,,cancelled,0,Instructor Unavailable,Solo,Aditi Pillai,CPL,B04,200,84.3,2026-03-06,Capt Rao 49,B01,C152,194,125,VT-JET017,C152,B01,188,61,0,
S0091,C116,I004,A040,B01,2026-05-18 20:00:00,2026-05-18 21:30:00,2026-05-18 20:05:00,2026-05-18 21:35:00,completed,5,,Solo,Varun Shetty,PPL,B01,45,8.5,2026-03-25,Capt Bose 4,B01,DA42,153,76,VT-SKY040,DA42,B01,209,79,11,
S0092,C052,I004,A040,B01,2026-05-12 09:00:00,2026-05-12 11:00:00,2026-05-12 09:45:00,2026-05-12 11:45:00,completed,45,,Solo,Nikhil Kapoor,PPL,B01,45,21.5,2025-06-08,Capt Bose 4,B01,DA42,153,76,VT-SKY040,DA42,B01,209,79,11,
S0093,C100,I054,A057,B01,2026-05-06 23:00:00,2026-05-07 00:30:00,2026-05-06 23:00:00,2026-05-07 00:30:00,completed,0,,Circuit,Rahul Gupta,CPL,B03,200,161.8,2025-12-05,Capt Singh 54,B01,DA40,159,156,VT-AIR057,DA40,B01,183,64,3,
S0094,C117,I059,A061,B02,2026-05-11 19:00:00,2026-05-11 20:30:00,2026-05-11 19:20:00,2026-05-11 20:50:00,completed,20,,Navigation,Nikhil Patel,PPL,B02,45,31.4,2025-06-08,Capt Rao 59,B02,PA28,154,46,VT-AIR061,PA28,B02,183,22,1,
S0095,C039,I076,A067,B04,2026-05-21 17:00:00,2026-05-21 19:00:00,2026-05-21 18:00:00,2026-05-21 20:00:00,completed,60,,Circuit,Nikhil Menon,PPL,B02,45,11.0,2025-06-20,Capt Kapoor 76,B03,SR20,177,146,VT-AIR067,SR20,B04,148,31,12,instructor_base_mismatch
S0096,C126,I015,A079,B02,2026-06-18 08:00:00,2026-06-18 10:00:00,2026-06-18 08:45:00,2026-06-18 10:45:00,completed,45,,Circuit,Kiran Joshi,PPL,B03,45,10.0,2025-04-05,Capt Menon 15,B02,DA40,173,51,VT-JET079,DA40,B02,150,55,2,
S0097,C052,I023,A012,B03,2026-05-12 15:00:00,2026-05-12 16:00:00,2026-05-12 15:15:00,2026-05-12 16:15:00,completed,15,,Solo,Nikhil Kapoor,PPL,B01,45,21.5,2025-06-08,Capt Menon 23,B02,DA40,116,86,VT-AIR012,DA40,B03,182,38,12,instructor_base_mismatch
S0098,C096,I091,A017,B01,2026-06-13 18:00:00,2026-06-13 19:30:00,2026-06-13 18:10:00,2026-06-13 19:40:00,completed,10,,Navigation,Sanya Gupta,PPL,B02,45,38.2,2025-05-04,Capt Kapoor 91,B01,C152,151,146,VT-JET017,C152,B01,188,61,0,
S0099,C005,I068,A064,B03,2026-05-16 05:00:00,2026-05-16 06:00:00,2026-05-16 05:10:00,2026-05-16 06:10:00,completed,10,,Navigation,Sneha Sharma,PPL,B02,45,34.1,2025-09-06,Capt Rao 68,B03,DA42,173,101,VT-JET064,DA42,B03,151,51,5,
S0100,C012,I095,A109,B03,2026-05-07 19:00:00,2026-05-07 20:00:00,2026-05-07 19:10:00,2026-05-07 20:10:00,completed,10,,Cross Country,Aditi Pillai,CPL,B04,200,84.3,2026-03-06,Capt Singh 95,B03,C152,114,113,VT-EAG109,C152,B03,172,65,5,
S0101,C107,I085,A048,B03,2026-05-09 07:00:00,2026-05-09 08:30:00,2026-05-09 08:00:00,2026-05-09 09:30:00,completed,60,,Circuit,Nikhil Pillai,CPL,B02,200,107.8,2025-09-06,Capt Kapoor 85,B03,SR20,172,125,VT-EAG048,SR20,B03,208,63,10,
S0102,C118,I014,A046,B03,2026-06-16 04:00:00,2026-06-16 05:30:00,2026-06-16 04:00:00,2026-06-16 05:30:00,completed,0,,Navigation,Sneha Malhotra,CPL,B03,200,128.7,2025-10-09,Capt Kapoor 14,B03,SR20,173,131,VT-JET046,SR20,B03,158,18,7,
S0103,C009,I054,A063,B01,2026-05-03 19:00:00,2026-05-03 20:00:00,2026-05-03 19:30:00,2026-05-03 20:30:00,completed,30,,Instrument Flying,Rahul Kapoor,CPL,B04,200,90.8,2025-02-27,Capt Singh 54,B01,DA40,159,156,VT-HAW063,DA40,B01,121,31,1,
S0104,C037,I062,A023,B04,2026-06-02 09:00:00,2026-06-02 10:30:00,2026-06-02 09:10:00,2026-06-02 10:40:00,completed,10,,Solo,Harsh Srivastava,CPL,B02,200,118.5,2025-04-11,Capt Rao 62,B04,DA40,212,57,VT-EAG023,DA40,B04,124,53,11,
S0105,C146,I007,A039,B04,2026-05-05 19:00:00,2026-05-05 21:00:00,2026-05-05 20:15:00,2026-05-05 22:15:00,completed,75,,Circuit,Pushpa Murthy,PPL,B03,45,26.1,2025-08-11,Capt Iyer 7,B04,SR20,135,45,VT-SKY039,SR20,B04,198,86,10,
S0106,C052,I048,A119,B04,2026-06-08 05:00:00,2026-06-08 06:30:00,,,cancelled,0,Instructor Unavailable,Instrument Flying,Nikhil Kapoor,PPL,B01,45,21.5,2025-06-08,Capt Rao 48,B04,PA28,167,149,VT-SKY119,PA28,B04,204,84,4,
S0107,C142,I017,A011,B02,2026-06-02 05:00:00,2026-06-02 07:00:00,2026-06-02 05:00:00,2026-06-02 07:00:00,completed,0,,Navigation,Meera Malhotra,CPL,B04,200,89.0,2025-04-16,Capt Verma 17,B02,DA40,143,100,VT-SKY011,DA42,B02,167,70,2,qualification_mismatch
S0108,C111,I039,A086,B04,2026-06-14 10:00:00,2026-06-14 12:00:00,2026-06-14 11:15:00,2026-06-14 13:15:00,completed,75,,Instrument Flying,Kabir Pillai,PPL,B03,45,7.4,2026-04-26,Capt Bose 39,B03,DA40,208,91,VT-EAG086,DA40,B04,168,28,3,instructor_base_mismatch
S0109,C129,I069,A006,B01,2026-05-21 14:00:00,2026-05-21 15:30:00,2026-05-21 14:20:00,2026-05-21 15:50:00,completed,20,,Circuit,Naveen Thampi,PPL,B02,45,35.7,2025-06-09,Capt Pillai 69,B01,PA28,84,51,VT-AIR006,PA28,B01,131,47,9,
S0110,C070,I005,A112,B03,2026-06-04 01:00:00,2026-06-04 02:30:00,,,cancelled,0,Weather,Night Flying,Vikram Singh,PPL,B04,45,13.6,2025-09-23,Capt Rao 5,B03,DA42,96,74,VT-JET112,DA42,B03,166,70,9,
S0111,C104,I006,A113,B01,2026-05-19 07:00:00,2026-05-19 08:30:00,,,cancelled,0,Instructor Unavailable,General Handling,Anjali Kale,CPL,B01,200,49.2,2026-04-15,Capt Verma 6,B01,SR20,101,100,VT-EAG113,SR20,B01,172,28,0,
S0112,C095,I098,A111,B02,2026-05-28 23:00:00,2026-05-29 01:00:00,2026-05-28 23:00:00,2026-05-29 01:00:00,completed,0,,Night Flying,Priya Iyer,PPL,B02,45,32.0,2025-02-18,Capt Gupta 98,B02,DA42,108,97,VT-AIR111,DA42,B02,125,18,9,
S0113,C058,I006,A070,B01,2026-05-04 02:00:00,2026-05-04 03:00:00,2026-05-04 02:00:00,2026-05-04 03:00:00,completed,0,,Instrument Flying,Rohan Nair,PPL,B03,45,12.8,2025-08-20,Capt Verma 6,B01,SR20,101,100,VT-FOX070,SR20,B01,135,34,14,
S0114,C016,I083,A105,B02,2026-06-25 16:00:00,2026-06-25 17:00:00,2026-06-25 17:15:00,2026-06-25 18:15:00,completed,75,,General Handling,Ishaan Patel,CPL,B04,200,135.3,2025-02-02,Capt Pillai 83,B02,C152,82,70,VT-SKY105,C152,B02,190,33,12,
S0115,C117,I015,A079,B02,2026-05-08 09:00:00,2026-05-08 11:00:00,2026-05-08 09:05:00,2026-05-08 11:05:00,completed,5,,Circuit,Nikhil Patel,PPL,B02,45,31.4,2025-06-08,Capt Menon 15,B02,DA40,173,51,VT-JET079,DA40,B02,150,55,2,
S0116,C134,I004,A040,B01,2026-05-29 16:00:00,2026-05-29 17:30:00,2026-05-29 16:15:00,2026-05-29 17:45:00,completed,15,,Solo,Meera Iyer,PPL,B02,45,22.5,2025-09-03,Capt Bose 4,B01,DA42,153,76,VT-SKY040,DA42,B01,209,79,11,
S0117,C078,I016,A014,B03,2026-05-20 06:00:00,2026-05-20 08:00:00,,,cancelled,0,Instructor Unavailable,Solo,Rohan Kapoor,CPL,B01,200,119.1,2026-03-14,Capt Iyer 16,B03,DA42,145,64,VT-SKY014,DA42,B03,144,42,0,
S0118,C001,I021,A084,B03,2026-05-01 22:00:00,2026-05-02 00:00:00,2026-05-01 23:00:00,2026-05-02 01:00:00,completed,60,,Solo,Sanya Verma,CPL,B04,200,150.3,2026-02-14,Capt Menon 21,B03,DA40,154,103,VT-FOX084,DA40,B03,124,43,0,
S0119,C086,I034,A005,B01,2026-05-19 08:00:00,2026-05-19 09:00:00,,,cancelled,0,ATC Restriction,Navigation,Arjun Sharma,CPL,B02,200,36.7,2025-11-11,Capt Sharma 34,B01,C152,96,80,VT-HAW005,C152,B01,120,25,1,
S0120,C130,I013,A055,B02,2026-06-23 07:00:00,2026-06-23 09:00:00,2026-06-23 07:20:00,2026-06-23 09:20:00,completed,20,,General Handling,Meera Bose,CPL,B02,200,186.0,2026-01-27,Capt Pillai 13,B02,DA42,88,52,VT-JET055,DA42,B02,197,6,6,
S0121,C063,I012,A002,B03,2026-05-09 00:00:00,2026-05-09 02:00:00,,,cancelled,0,ATC Restriction,General Handling,Sanya Singh,CPL,B01,200,48.9,2025-05-13,Capt Kapoor 12,B03,SR20,207,53,VT-EAG002,SR20,B03,124,29,10,
S0122,C046,I015,A071,B02,2026-06-06 01:00:00,2026-06-06 02:00:00,2026-06-06 01:20:00,2026-06-06 02:20:00,completed,20,,Cross Country,Ishaan Nair,CPL,B02,200,34.4,2025-03-28,Capt Menon 15,B02,DA40,173,51,VT-FOX071,DA40,B02,186,50,12,
S0123,C135,I061,A023,B04,2026-06-04 16:00:00,2026-06-04 17:00:00,2026-06-04 16:45:00,2026-06-04 17:45:00,completed,45,,Instrument Flying,Kiran Bose,CPL,B04,200,166.5,2025-02-18,Capt Gupta 61,B04,DA40,166,93,VT-EAG023,DA40,B04,124,53,11,
S0124,C097,I040,A077,B01,2026-06-14 00:00:00,2026-06-14 02:00:00,2026-06-14 00:20:00,2026-06-14 02:20:00,completed,20,,Solo,Deepa Patil,PPL,B01,45,6.4,2025-09-17,Capt Menon 40,B01,C152,114,85,VT-SKY077,C152,B01,127,14,4,
S0125,C113,I023,A058,B02,2026-06-03 00:00:00,2026-06-03 01:30:00,2026-06-03 00:30:00,2026-06-03 02:00:00,completed,30,,Instrument Flying,Neha Patel,PPL,B04,45,17.8,2025-03-06,Capt Menon 23,B02,DA40,116,86,VT-EAG058,DA40,B02,176,74,2,
S0126,C025,I089,A003,B03,2026-06-09 10:00:00,2026-06-09 11:30:00,,,cancelled,0,Aircraft Defect,Cross Country,Kabir Kapoor,PPL,B03,45,10.7,2025-11-06,Capt Menon 89,B03,DA40,202,110,VT-AIR003,DA40,B03,126,146,7,maintenance_data_error
S0127,C013,I023,A083,B02,2026-05-21 05:00:00,2026-05-21 07:00:00,2026-05-21 05:00:00,2026-05-21 07:00:00,completed,0,,Navigation,Dev Gupta,PPL,B02,45,15.2,2026-04-24,Capt Menon 23,B02,DA40,116,86,VT-FOX083,DA40,B02,173,76,13,
S0128,C004,I017,A033,B02,2026-05-28 12:00:00,2026-05-28 13:00:00,2026-05-28 12:45:00,2026-05-28 13:45:00,completed,45,,Solo,Vikram Malhotra,PPL,B02,45,30.9,2025-07-24,Capt Verma 17,B02,DA40,143,100,VT-SKY033,DA40,B02,192,48,6,
S0129,C137,I034,A059,B01,2026-05-31 20:00:00,2026-05-31 21:30:00,,,cancelled,0,Instructor Unavailable,Solo,Sneha Nair,PPL,B02,45,12.6,2025-05-30,Capt Sharma 34,B01,C152,96,80,VT-JET059,C152,B01,201,55,1,
S0130,C045,I062,A023,B04,2026-06-14 23:00:00,2026-06-15 01:00:00,2026-06-14 23:15:00,2026-06-15 01:15:00,completed,15,,Circuit,Vikram Sharma,PPL,B02,45,16.3,2025-12-11,Capt Rao 62,B04,DA40,212,57,VT-EAG023,DA40,B04,124,53,11,
S0131,C134,I048,A028,B04,2026-06-23 07:00:00,2026-06-23 08:00:00,2026-06-23 08:00:00,2026-06-23 09:00:00,completed,60,,Cross Country,Meera Iyer,PPL,B02,45,22.5,2025-09-03,Capt Rao 48,B04,PA28,167,149,VT-HAW028,PA28,B04,186,20,13,
S0132,C125,I096,A075,B01,2026-05-01 15:00:00,2026-05-01 16:00:00,2026-05-01 15:20:00,2026-05-01 16:20:00,completed,20,,Cross Country,Kabir Singh,PPL,B02,45,22.3,2025-04-18,Capt Kapoor 96,B01,C172,101,84,VT-FOX075,C172,B01,220,16,4,
S0133,C108,I035,A057,B01,2026-06-04 07:00:00,2026-06-04 09:00:00,2026-06-04 07:00:00,2026-06-04 09:00:00,completed,0,,Night Flying,Akash Naik,PPL,B01,45,36.6,2025-02-21,Capt Iyer 35,B01,DA40,128,66,VT-AIR057,DA40,B01,183,64,3,
S0134,C134,I037,A045,B01,2026-05-21 10:00:00,2026-05-21 12:00:00,2026-05-21 10:30:00,2026-05-21 12:30:00,completed,30,,Solo,Meera Iyer,PPL,B02,45,22.5,2025-09-03,Capt Sharma 37,B04,C152,159,51,VT-SKY045,C152,B01,153,46,12,instructor_base_mismatch
S0135,C052,I001,A106,B03,2026-05-11 07:00:00,2026-05-11 09:00:00,2026-05-11 07:45:00,2026-05-11 09:45:00,completed,45,,Solo,Nikhil Kapoor,PPL,B01,45,21.5,2025-06-08,Capt Verma 1,B03,SR20,105,68,VT-HAW106,SR20,B03,192,60,2,
S0136,C075,I023,A042,B02,2026-05-24 06:00:00,2026-05-24 08:00:00,2026-05-24 06:05:00,2026-05-24 08:05:00,completed,5,,Navigation,Ishaan Verma,PPL,B02,45,36.2,2025-01-18,Capt Menon 23,B02,DA40,116,86,VT-JET042,DA40,B02,147,54,5,
S0137,C029,I035,A102,B01,2026-06-23 17:00:00,2026-06-23 18:30:00,2026-06-23 18:00:00,2026-06-23 19:30:00,completed,60,,Navigation,Tanya Gupta,CPL,B04,200,90.7,2026-04-11,Capt Iyer 35,B01,DA40,128,66,VT-HAW102,DA40,B01,196,75,4,
S0138,C100,I012,A087,B02,2026-06-13 19:00:00,2026-06-13 21:00:00,2026-06-13 19:20:00,2026-06-13 21:20:00,completed,20,,Navigation,Rahul Gupta,CPL,B03,200,161.8,2025-12-05,Capt Kapoor 12,B03,SR20,207,53,VT-HAW087,SR20,B02,213,81,12,instructor_base_mismatch
S0139,C021,I058,A049,B04,2026-06-05 03:00:00,2026-06-05 04:00:00,2026-06-05 03:45:00,2026-06-05 04:45:00,completed,45,,General Handling,Aditya Singh,CPL,B01,200,81.7,2025-02-18,Capt Kapoor 58,B04,C172,96,91,VT-SKY049,C172,B04,126,16,15,
S0140,C015,I049,A029,B01,2026-05-10 02:00:00,2026-05-10 03:00:00,2026-05-10 02:20:00,2026-05-10 03:20:00,completed,20,,Night Flying,Ananya Joshi,PPL,B02,45,41.9,2025-01-06,Capt Rao 49,B01,C152,194,125,VT-AIR029,C152,B01,127,52,11,
S0141,C112,I063,A119,B04,2026-06-07 14:00:00,2026-06-07 15:00:00,2026-06-07 14:20:00,2026-06-07 15:20:00,completed,20,,Solo,Arjun Pillai,CPL,B01,200,55.8,2025-09-14,Capt Verma 63,B04,PA28,92,52,VT-SKY119,PA28,B04,204,84,4,
S0142,C069,I030,A099,B01,2026-06-20 09:00:00,2026-06-20 11:00:00,2026-06-20 09:00:00,2026-06-20 11:00:00,completed,0,,Night Flying,Nikhil Joshi,CPL,B04,200,119.5,2025-01-29,Capt Singh 30,B01,DA40,115,94,VT-JET099,DA40,B01,141,54,0,
S0143,C060,I029,A107,B03,2026-06-02 09:00:00,2026-06-02 11:00:00,2026-06-02 09:10:00,2026-06-02 11:10:00,completed,10,,Night Flying,Gaurav Mishra,CPL,B04,200,103.9,2025-08-10,Capt Sharma 29,B03,C172,177,128,VT-JET107,C172,B03,147,10,0,
S0144,C069,I015,A027,B02,2026-06-24 05:00:00,2026-06-24 06:00:00,2026-06-24 05:15:00,2026-06-24 06:15:00,completed,15,,General Handling,Nikhil Joshi,CPL,B04,200,119.5,2025-01-29,Capt Menon 15,B02,DA40,173,51,VT-JET027,DA40,B02,203,42,10,
S0145,C146,I015,A027,B02,2026-05-08 14:00:00,2026-05-08 15:30:00,2026-05-08 14:15:00,2026-05-08 15:45:00,completed,15,,Solo,Pushpa Murthy,PPL,B03,45,26.1,2025-08-11,Capt Menon 15,B02,DA40,173,51,VT-JET027,DA40,B02,203,42,10,
S0146,C115,I031,A093,B03,2026-05-09 13:00:00,2026-05-09 14:00:00,2026-05-09 13:05:00,2026-05-09 14:05:00,completed,5,,Solo,Smita Hegde,CPL,B03,200,36.3,2026-02-03,Capt Iyer 31,B01,C172,96,89,VT-JET093,C172,B03,136,21,3,instructor_base_mismatch
S0147,C129,I069,A006,B01,2026-05-17 22:00:00,2026-05-17 23:30:00,2026-05-17 22:15:00,2026-05-17 23:45:00,completed,15,,Circuit,Naveen Thampi,PPL,B02,45,35.7,2025-06-09,Capt Pillai 69,B01,PA28,84,51,VT-AIR006,PA28,B01,131,47,9,
S0148,C063,I024,A004,B04,2026-06-13 10:00:00,2026-06-13 11:00:00,2026-06-13 10:05:00,2026-06-13 11:05:00,completed,5,,Solo,Sanya Singh,CPL,B01,200,48.9,2025-05-13,Capt Menon 24,B04,C172,99,67,VT-JET004,C172,B04,140,5,2,
S0149,C040,I032,A067,B04,2026-05-03 02:00:00,2026-05-03 04:00:00,2026-05-03 02:15:00,2026-05-03 04:15:00,completed,15,,Instrument Flying,Sanya Menon,PPL,B01,45,14.2,2025-06-27,Capt Sharma 32,B04,SR20,102,62,VT-AIR067,SR20,B04,148,31,12,
S0150,C059,I095,A043,B03,2026-05-08 00:00:00,2026-05-08 02:00:00,2026-05-08 00:00:00,2026-05-08 02:00:00,completed,0,,Navigation,Sunita Tiwari,PPL,B04,45,19.0,2025-03-24,Capt Singh 95,B03,C152,114,113,VT-JET043,C152,B03,168,12,5,
S0151,C085,I063,A028,B04,2026-05-12 00:00:00,2026-05-12 02:00:00,,,cancelled,0,Aircraft Defect,Circuit,Priya Gupta,CPL,B04,200,124.2,2025-04-18,Capt Verma 63,B04,PA28,92,52,VT-HAW028,PA28,B04,186,20,13,
S0152,C146,I063,A119,B04,2026-05-27 09:00:00,2026-05-27 11:00:00,2026-05-27 09:20:00,2026-05-27 11:20:00,completed,20,,Navigation,Pushpa Murthy,PPL,B03,45,26.1,2025-08-11,Capt Verma 63,B04,PA28,92,52,VT-SKY119,PA28,B04,204,84,4,
S0153,C052,I016,A032,B03,2026-06-26 20:00:00,2026-06-26 21:00:00,,,cancelled,0,Fuel Delay,Cross Country,Nikhil Kapoor,PPL,B01,45,21.5,2025-06-08,Capt Iyer 16,B03,DA42,145,64,VT-EAG032,DA42,B03,184,18,7,
S0154,C139,I040,A110,B01,2026-06-28 03:00:00,2026-06-28 04:30:00,,,cancelled,0,Aircraft Defect,Cross Country,Suresh Venkatesan,CPL,B03,200,159.9,2026-02-15,Capt Menon 40,B01,C152,114,85,VT-JET110,C152,B01,202,89,2,
S0155,C133,I028,A103,B02,2026-05-19 03:00:00,2026-05-19 04:30:00,2026-05-19 04:00:00,2026-05-19 05:30:00,completed,60,,Cross Country,Paresh Subramaniam,PPL,B02,45,9.6,2025-04-02,Capt Iyer 28,B02,C152,166,44,VT-AIR103,C152,B02,159,41,15,
S0156,C022,I007,A067,B04,2026-05-27 17:00:00,2026-05-27 19:00:00,2026-05-27 17:00:00,2026-05-27 19:00:00,completed,0,,Cross Country,Aryan Tripathi,CPL,B04,200,159.1,2026-01-10,Capt Iyer 7,B04,SR20,135,45,VT-AIR067,SR20,B04,148,31,12,
S0157,C045,I099,A072,B03,2026-05-29 17:00:00,2026-05-29 18:30:00,,,cancelled,0,ATC Restriction,Night Flying,Vikram Sharma,PPL,B02,45,16.3,2025-12-11,Capt Singh 99,B03,C172,163,158,VT-EAG072,C172,B03,126,11,2,
S0158,C018,I058,A004,B04,2026-06-30 04:00:00,2026-06-30 05:00:00,2026-06-30 04:20:00,2026-06-30 05:20:00,completed,20,,Solo,Ananya Patel,CPL,B01,200,71.4,2026-03-26,Capt Kapoor 58,B04,C172,96,91,VT-JET004,C172,B04,140,5,2,
S0159,C013,I032,A067,B04,2026-06-01 04:00:00,2026-06-01 05:00:00,,,cancelled,0,ATC Restriction,Circuit,Dev Gupta,PPL,B02,45,15.2,2026-04-24,Capt Sharma 32,B04,SR20,102,62,VT-AIR067,SR20,B04,148,31,12,
S0160,C089,I093,A010,B04,2026-06-23 02:00:00,2026-06-23 03:00:00,,,cancelled,0,Weather,Solo,Shruti Mehta,PPL,B01,45,37.6,2025-06-24,Capt Rao 93,B04,DA42,184,54,VT-JET010,DA42,B04,170,70,13,
S0161,C113,I084,A115,B04,2026-05-11 10:00:00,2026-05-11 11:30:00,2026-05-11 11:00:00,2026-05-11 12:30:00,completed,60,,Navigation,Neha Patel,PPL,B04,45,17.8,2025-03-06,Capt Gupta 84,B04,SR20,180,133,VT-HAW115,SR20,B04,203,36,0,
S0162,C141,I079,A064,B03,2026-06-10 16:00:00,2026-06-10 17:30:00,,,cancelled,0,ATC Restriction,Instrument Flying,Vinod Gopal,PPL,B01,45,12.7,2025-09-13,Capt Iyer 79,B03,DA42,202,193,VT-JET064,DA42,B03,151,51,5,
S0163,C058,I013,A111,B02,2026-06-02 16:00:00,2026-06-02 17:00:00,2026-06-02 16:15:00,2026-06-02 17:15:00,completed,15,,Night Flying,Rohan Nair,PPL,B03,45,12.8,2025-08-20,Capt Pillai 13,B02,DA42,88,52,VT-AIR111,DA42,B02,125,18,9,
S0164,C022,I003,A057,B01,2026-05-08 23:00:00,2026-05-09 00:30:00,2026-05-08 23:10:00,2026-05-09 00:40:00,completed,10,,Cross Country,Aryan Tripathi,CPL,B04,200,159.1,2026-01-10,Capt Pillai 3,B01,DA40,123,106,VT-AIR057,DA40,B01,183,64,3,
S0165,C075,I080,A098,B03,2026-05-28 10:00:00,2026-05-28 11:30:00,2026-05-28 10:30:00,2026-05-28 12:00:00,completed,30,,General Handling,Ishaan Verma,PPL,B02,45,36.2,2025-01-18,Capt Kapoor 80,B03,PA28,177,44,VT-SKY098,PA28,B03,173,21,13,
S0166,C040,I088,A018,B03,2026-05-26 21:00:00,2026-05-26 22:00:00,2026-05-26 21:30:00,2026-05-26 22:30:00,completed,30,,Instrument Flying,Sanya Menon,PPL,B01,45,14.2,2025-06-27,Capt Sharma 88,B03,C172,87,87,VT-AIR018,C172,B03,137,34,11,
S0167,C075,I008,A116,B03,2026-05-12 23:00:00,2026-05-13 00:00:00,2026-05-12 23:45:00,2026-05-13 00:45:00,completed,45,,Night Flying,Ishaan Verma,PPL,B02,45,36.2,2025-01-18,Capt Verma 8,B03,DA40,91,48,VT-JET116,DA40,B03,167,42,10,
S0168,C030,I033,A074,B01,2026-05-20 18:00:00,2026-05-20 20:00:00,2026-05-20 19:15:00,2026-05-20 21:15:00,completed,75,,Night Flying,Aditya Bose,CPL,B03,200,19.7,2025-07-21,Capt Rao 33,B01,PA28,184,156,VT-JET074,PA28,B01,136,61,5,
S0169,C098,I070,A061,B02,2026-05-09 14:00:00,2026-05-09 15:30:00,2026-05-09 14:10:00,2026-05-09 15:40:00,completed,10,,Cross Country,Kunal Kulkarni,PPL,B02,45,31.1,2026-01-12,Capt Sharma 70,B02,PA28,87,44,VT-AIR061,PA28,B02,183,22,1,
S0170,C133,I022,A054,B04,2026-06-03 09:00:00,2026-06-03 10:00:00,2026-06-03 09:15:00,2026-06-03 10:15:00,completed,15,,Night Flying,Paresh Subramaniam,PPL,B02,45,9.6,2025-04-02,Capt Sharma 22,B04,DA40,110,55,VT-JET054,DA40,B04,156,26,1,
S0171,C010,I023,A033,B02,2026-06-01 20:00:00,2026-06-01 21:00:00,,,cancelled,0,ATC Restriction,Navigation,Dev Kapoor,PPL,B03,45,34.4,2026-04-13,Capt Menon 23,B02,DA40,116,86,VT-SKY033,DA40,B02,192,48,6,
S0172,C120,I011,A060,B03,2026-05-21 01:00:00,2026-05-21 02:00:00,2026-05-21 01:20:00,2026-05-21 02:20:00,completed,20,,General Handling,Puja Bhat,CPL,B04,200,138.7,2025-03-04,Capt Sharma 11,B03,C152,142,42,VT-HAW060,C152,B03,192,60,4,
S0173,C040,I063,A119,B04,2026-06-09 23:00:00,2026-06-10 01:00:00,,,cancelled,0,Fuel Delay,Night Flying,Sanya Menon,PPL,B01,45,14.2,2025-06-27,Capt Verma 63,B04,PA28,92,52,VT-SKY119,PA28,B04,204,84,4,
S0174,C130,I078,A092,B03,2026-06-27 23:00:00,2026-06-28 00:00:00,2026-06-27 23:45:00,2026-06-28 00:45:00,completed,45,,Solo,Meera Bose,CPL,B02,200,186.0,2026-01-27,Capt Pillai 78,B03,C172,217,211,VT-FOX092,C172,B03,135,9,11,
S0175,C127,I040,A077,B01,2026-06-02 07:00:00,2026-06-02 08:30:00,2026-06-02 08:00:00,2026-06-02 09:30:00,completed,60,,Navigation,Rahul Patel,CPL,B03,200,157.1,2025-08-03,Capt Menon 40,B01,C152,114,85,VT-SKY077,C152,B01,127,14,4,
S0176,C023,I046,A102,B01,2026-05-14 18:00:00,2026-05-14 19:30:00,2026-05-14 18:00:00,2026-05-14 19:30:00,completed,0,,General Handling,Divya Chaudhary,CPL,B01,200,66.6,2025-04-05,Capt Bose 46,B01,DA40,200,126,VT-HAW102,DA40,B01,196,75,4,payment_calc_error
S0177,C030,I069,A091,B01,2026-06-08 23:00:00,2026-06-09 00:00:00,2026-06-08 23:20:00,2026-06-09 00:20:00,completed,20,,Cross Country,Aditya Bose,CPL,B03,200,19.7,2025-07-21,Capt Pillai 69,B01,PA28,84,51,VT-SKY091,PA28,B01,166,28,8,
S0178,C083,I031,A081,B01,2026-06-19 22:00:00,2026-06-19 23:00:00,,,cancelled,0,Aircraft Defect,Navigation,Swati Jain,CPL,B03,200,34.3,2025-09-12,Capt Iyer 31,B01,C172,96,89,VT-SKY081,C172,B01,220,34,3,
S0179,C085,I030,A052,B01,2026-06-24 06:00:00,2026-06-24 07:00:00,2026-06-24 06:30:00,2026-06-24 07:30:00,completed,30,,General Handling,Priya Gupta,CPL,B04,200,124.2,2025-04-18,Capt Singh 30,B01,DA40,115,94,VT-EAG052,DA40,B01,179,69,10,
S0180,C001,I091,A077,B01,2026-05-17 11:00:00,2026-05-17 12:00:00,2026-05-17 11:05:00,2026-05-17 12:05:00,completed,5,,Solo,Sanya Verma,CPL,B04,200,150.3,2026-02-14,Capt Kapoor 91,B01,C152,151,146,VT-SKY077,C152,B01,127,14,4,
S0181,C031,I095,A047,B03,2026-05-22 00:00:00,2026-05-22 01:30:00,2026-05-22 00:05:00,2026-05-22 01:35:00,completed,5,,Instrument Flying,Ananya Pillai,CPL,B03,200,75.8,2025-10-16,Capt Singh 95,B03,C152,114,113,VT-FOX047,C152,B03,202,62,7,
S0182,C022,I083,A105,B02,2026-06-11 23:00:00,2026-06-12 00:00:00,2026-06-11 23:00:00,2026-06-12 00:00:00,completed,0,,Circuit,Aryan Tripathi,CPL,B04,200,159.1,2026-01-10,Capt Pillai 83,B02,C152,82,70,VT-SKY105,C152,B02,190,33,12,
S0183,C021,I074,A081,B01,2026-06-27 03:00:00,2026-06-27 05:00:00,2026-06-27 03:45:00,2026-06-27 05:45:00,completed,45,,Cross Country,Aditya Singh,CPL,B01,200,81.7,2025-02-18,Capt Sharma 74,B01,C172,130,103,VT-SKY081,C172,B01,220,34,3,
S0184,C046,I084,A004,B04,2026-06-18 10:00:00,2026-06-18 12:00:00,2026-06-18 10:05:00,2026-06-18 12:05:00,completed,5,,Circuit,Ishaan Nair,CPL,B02,200,34.4,2025-03-28,Capt Gupta 84,B04,SR20,180,133,VT-JET004,C172,B04,140,5,2,qualification_mismatch
S0185,C130,I042,A070,B01,2026-06-21 08:00:00,2026-06-21 10:00:00,2026-06-21 08:20:00,2026-06-21 10:20:00,completed,20,,Solo,Meera Bose,CPL,B02,200,186.0,2026-01-27,Capt Pillai 42,B01,SR20,175,121,VT-FOX070,SR20,B01,135,34,14,
S0186,C136,I011,A043,B03,2026-05-06 09:00:00,2026-05-06 10:30:00,2026-05-06 09:10:00,2026-05-06 10:40:00,completed,10,,General Handling,Anita Krishnamurthy,PPL,B04,45,27.7,2025-06-25,Capt Sharma 11,B03,C152,142,42,VT-JET043,C152,B03,168,12,5,
S0187,C112,I012,A002,B03,2026-06-09 22:00:00,2026-06-09 23:30:00,2026-06-09 22:00:00,2026-06-09 23:30:00,completed,0,,Solo,Arjun Pillai,CPL,B01,200,55.8,2025-09-14,Capt Kapoor 12,B03,SR20,207,53,VT-EAG002,SR20,B03,124,29,10,
S0188,C079,I082,A073,B02,2026-05-26 08:00:00,2026-05-26 09:30:00,2026-05-26 08:20:00,2026-05-26 09:50:00,completed,20,,General Handling,Arjun Kapoor,PPL,B01,45,29.5,2025-07-20,Capt Rao 82,B02,C152,87,66,VT-AIR073,C152,B02,219,90,13,
S0189,C071,I063,A119,B04,2026-06-09 11:00:00,2026-06-09 12:30:00,2026-06-09 11:00:00,2026-06-09 12:30:00,completed,0,,Circuit,Meera Pillai,CPL,B03,200,185.7,2025-03-09,Capt Verma 63,B04,PA28,92,52,VT-SKY119,PA28,B04,204,84,4,
S0190,C083,I099,A072,B03,2026-06-16 15:00:00,2026-06-16 16:00:00,2026-06-16 15:20:00,2026-06-16 16:20:00,completed,20,,Circuit,Swati Jain,CPL,B03,200,34.3,2025-09-12,Capt Singh 99,B03,C172,163,158,VT-EAG072,C172,B03,126,11,2,
S0191,C124,I047,A082,B01,2026-06-30 19:00:00,2026-06-30 20:30:00,2026-06-30 19:20:00,2026-06-30 20:50:00,completed,20,,Circuit,Lata Nambiar,CPL,B01,200,53.5,2026-03-09,Capt Singh 47,B01,PA28,160,70,VT-AIR082,PA28,B01,151,23,8,
S0192,C010,I039,A071,B02,2026-06-16 16:00:00,2026-06-16 17:00:00,2026-06-16 16:20:00,2026-06-16 17:20:00,completed,20,,Cross Country,Dev Kapoor,PPL,B03,45,34.4,2026-04-13,Capt Bose 39,B03,DA40,208,91,VT-FOX071,DA40,B02,186,50,12,instructor_base_mismatch
S0193,C092,I011,A100,B03,2026-05-31 22:00:00,2026-06-01 00:00:00,,,cancelled,0,Weather,General Handling,Aditya Nair,PPL,B03,45,13.5,2025-10-02,Capt Sharma 11,B03,C152,142,42,VT-EAG100,C152,B03,135,55,1,
S0194,C028,I071,A087,B02,2026-06-05 13:00:00,2026-06-05 14:30:00,2026-06-05 13:20:00,2026-06-05 14:50:00,completed,20,,Solo,Kabir Malhotra,PPL,B02,45,12.4,2025-09-04,Capt Menon 71,B02,SR20,196,81,VT-HAW087,SR20,B02,213,81,12,
S0195,C004,I008,A012,B03,2026-05-09 15:00:00,2026-05-09 16:00:00,2026-05-09 15:20:00,2026-05-09 16:20:00,completed,20,,Night Flying,Vikram Malhotra,PPL,B02,45,30.9,2025-07-24,Capt Verma 8,B03,DA40,91,48,VT-AIR012,DA40,B03,182,38,12,
S0196,C129,I012,A002,B03,2026-05-12 00:00:00,2026-05-12 01:00:00,2026-05-12 00:30:00,2026-05-12 01:30:00,completed,30,,Night Flying,Naveen Thampi,PPL,B02,45,35.7,2025-06-09,Capt Kapoor 12,B03,SR20,207,53,VT-EAG002,SR20,B03,124,29,10,
S0197,C126,I042,A070,B01,2026-05-24 06:00:00,2026-05-24 07:30:00,2026-05-24 06:00:00,2026-05-24 07:30:00,completed,0,,Solo,Kiran Joshi,PPL,B03,45,10.0,2025-04-05,Capt Pillai 42,B01,SR20,175,121,VT-FOX070,SR20,B01,135,34,14,
S0198,C094,I006,A050,B01,2026-06-05 02:00:00,2026-06-05 03:30:00,2026-06-05 02:15:00,2026-06-05 03:45:00,completed,15,,Cross Country,Ananya Menon,CPL,B04,200,8.4,2026-04-24,Capt Verma 6,B01,SR20,101,100,VT-JET050,SR20,B01,213,21,15,
S0199,C098,I051,A112,B03,2026-05-18 08:00:00,2026-05-18 09:30:00,2026-05-18 08:15:00,2026-05-18 09:45:00,completed,15,,Navigation,Kunal Kulkarni,PPL,B02,45,31.1,2026-01-12,Capt Sharma 51,B03,DA42,114,81,VT-JET112,DA42,B03,166,70,9,
S0200,C009,I048,A076,B04,2026-06-13 04:00:00,2026-06-13 05:00:00,2026-06-13 04:10:00,2026-06-13 05:10:00,completed,10,,Solo,Rahul Kapoor,CPL,B04,200,90.8,2025-02-27,Capt Rao 48,B04,PA28,167,149,VT-JET076,PA28,B04,148,34,1,
S0201,C108,I016,A032,B03,2026-05-08 20:00:00,2026-05-08 22:00:00,,,cancelled,0,ATC Restriction,Night Flying,Akash Naik,PPL,B01,45,36.6,2025-02-21,Capt Iyer 16,B03,DA42,145,64,VT-EAG032,DA42,B03,184,18,7,
S0202,C025,I005,A032,B03,2026-05-15 11:00:00,2026-05-15 13:00:00,2026-05-15 11:05:00,2026-05-15 13:05:00,completed,5,,Cross Country,Kabir Kapoor,PPL,B03,45,10.7,2025-11-06,Capt Rao 5,B03,DA42,96,74,VT-EAG032,DA42,B03,184,18,7,
S0203,C148,I015,A096,B02,2026-06-06 10:00:00,2026-06-06 11:30:00,2026-06-06 11:00:00,2026-06-06 12:30:00,completed,60,,Navigation,Sudha Kumar,CPL,B04,200,76.8,2026-03-23,Capt Menon 15,B02,DA40,173,51,VT-JET096,DA40,B02,218,61,4,
S0204,C126,I095,A026,B03,2026-06-17 16:00:00,2026-06-17 17:30:00,2026-06-17 16:20:00,2026-06-17 17:50:00,completed,20,,General Handling,Kiran Joshi,PPL,B03,45,10.0,2025-04-05,Capt Singh 95,B03,C152,114,113,VT-EAG026,C152,B03,200,12,4,
S0205,C126,I088,A092,B03,2026-05-23 03:00:00,2026-05-23 05:00:00,2026-05-23 04:15:00,2026-05-23 06:15:00,completed,75,,Circuit,Kiran Joshi,PPL,B03,45,10.0,2025-04-05,Capt Sharma 88,B03,C172,87,87,VT-FOX092,C172,B03,135,9,11,
S0206,C061,I050,A015,B01,2026-06-10 14:00:00,2026-06-10 15:30:00,2026-06-10 15:00:00,2026-06-10 16:30:00,completed,60,,Circuit,Rohan Singh,PPL,B02,45,30.4,2025-04-28,Capt Menon 50,B04,SR20,91,59,VT-JET015,SR20,B01,165,34,9,instructor_base_mismatch
S0207,C028,I024,A004,B04,2026-06-21 10:00:00,2026-06-21 12:00:00,2026-06-21 10:10:00,2026-06-21 12:10:00,completed,10,,General Handling,Kabir Malhotra,PPL,B02,45,12.4,2025-09-04,Capt Menon 24,B04,C172,99,67,VT-JET004,C172,B04,140,5,2,
S0208,C032,I043,A030,B01,2026-06-02 19:00:00,2026-06-02 20:30:00,2026-06-02 19:30:00,2026-06-02 21:00:00,completed,30,,Circuit,Rohan Malhotra,PPL,B01,45,11.1,2025-08-02,Capt Sharma 43,B04,C152,167,47,VT-FOX030,C152,B01,177,62,5,instructor_base_mismatch
S0209,C027,I047,A108,B01,2026-06-16 08:00:00,2026-06-16 09:30:00,2026-06-16 09:00:00,2026-06-16 10:30:00,completed,60,,General Handling,Aditi Kapoor,PPL,B02,45,31.4,2025-10-13,Capt Singh 47,B01,PA28,160,70,VT-SKY108,PA28,B01,146,48,1,
S0210,C121,I011,A041,B03,2026-05-10 01:00:00,2026-05-10 03:00:00,2026-05-10 01:05:00,2026-05-10 03:05:00,completed,5,,Circuit,Vikram Malhotra,CPL,B02,200,20.8,2025-11-10,Capt Sharma 11,B03,C152,142,42,VT-HAW041,C152,B03,178,51,11,
S0211,C048,I014,A048,B03,2026-05-27 15:00:00,2026-05-27 16:00:00,2026-05-27 15:15:00,2026-05-27 16:15:00,completed,15,,Night Flying,Pooja Pandey,PPL,B04,45,13.7,2025-11-23,Capt Kapoor 14,B03,SR20,173,131,VT-EAG048,SR20,B03,208,63,10,
S0212,C085,I013,A011,B02,2026-06-19 16:00:00,2026-06-19 18:00:00,2026-06-19 17:15:00,2026-06-19 19:15:00,completed,75,,Night Flying,Priya Gupta,CPL,B04,200,124.2,2025-04-18,Capt Pillai 13,B02,DA42,88,52,VT-SKY011,DA42,B02,167,70,2,
S0213,C043,I015,A033,B02,2026-05-10 18:00:00,2026-05-10 19:00:00,2026-05-10 18:10:00,2026-05-10 19:10:00,completed,10,,Night Flying,Kabir Nair,PPL,B04,45,33.9,2025-10-25,Capt Menon 15,B02,DA40,173,51,VT-SKY033,DA40,B02,192,48,6,
S0214,C043,I072,A061,B02,2026-05-06 16:00:00,2026-05-06 17:00:00,2026-05-06 16:45:00,2026-05-06 17:45:00,completed,45,,Night Flying,Kabir Nair,PPL,B04,45,33.9,2025-10-25,Capt Rao 72,B02,PA28,209,50,VT-AIR061,PA28,B02,183,22,1,
S0215,C140,I023,A058,B02,2026-06-23 08:00:00,2026-06-23 10:00:00,2026-06-23 08:10:00,2026-06-23 10:10:00,completed,10,,Navigation,Geeta Raman,PPL,B04,45,31.5,2026-03-27,Capt Menon 23,B02,DA40,116,86,VT-EAG058,DA40,B02,176,74,2,
S0216,C089,I051,A085,B03,2026-05-04 11:00:00,2026-05-04 12:30:00,2026-05-04 11:10:00,2026-05-04 12:40:00,completed,10,,General Handling,Shruti Mehta,PPL,B01,45,37.6,2025-06-24,Capt Sharma 51,B03,DA42,114,81,VT-SKY085,DA42,B03,164,69,2,
S0217,C072,I055,A009,B03,2026-05-11 12:00:00,2026-05-11 13:30:00,2026-05-11 12:45:00,2026-05-11 14:15:00,completed,45,,Night Flying,Rohan Menon,PPL,B01,45,7.7,2025-10-03,Capt Bose 55,B03,SR20,146,57,VT-EAG009,SR20,B03,197,220,0,maintenance_data_error
S0218,C062,I063,A028,B04,2026-05-06 16:00:00,2026-05-06 17:30:00,2026-05-06 17:00:00,2026-05-06 18:30:00,completed,60,,General Handling,Nidhi Dwivedi,PPL,B03,45,41.6,2025-01-02,Capt Verma 63,B04,PA28,92,52,VT-HAW028,PA28,B04,186,20,13,
S0219,C135,I054,A052,B01,2026-05-23 01:00:00,2026-05-23 03:00:00,2026-05-23 02:00:00,2026-05-23 04:00:00,completed,60,,General Handling,Kiran Bose,CPL,B04,200,166.5,2025-02-18,Capt Singh 54,B01,DA40,159,156,VT-EAG052,DA40,B01,179,69,10,
S0220,C063,I053,A037,B04,2026-05-01 11:00:00,2026-05-01 13:00:00,2026-05-01 12:15:00,2026-05-01 14:15:00,completed,75,,Night Flying,Sanya Singh,CPL,B01,200,48.9,2025-05-13,Capt Singh 53,B04,C152,164,106,VT-JET037,C152,B04,188,22,0,
S0221,C133,I013,A089,B02,2026-05-11 05:00:00,2026-05-11 06:30:00,2026-05-11 06:15:00,2026-05-11 07:45:00,completed,75,,Night Flying,Paresh Subramaniam,PPL,B02,45,9.6,2025-04-02,Capt Pillai 13,B02,DA42,88,52,VT-FOX089,DA42,B02,219,66,12,
S0222,C029,I040,A030,B01,2026-05-15 22:00:00,2026-05-15 23:00:00,,,cancelled,0,Fuel Delay,Cross Country,Tanya Gupta,CPL,B04,200,90.7,2026-04-11,Capt Menon 40,B01,C152,114,85,VT-FOX030,C152,B01,177,62,5,
S0223,C091,I095,A060,B03,2026-06-17 16:00:00,2026-06-17 17:30:00,2026-06-17 17:00:00,2026-06-17 18:30:00,completed,60,,Navigation,Vivek Desai,PPL,B04,45,42.0,2025-12-21,Capt Singh 95,B03,C152,114,113,VT-HAW060,C152,B03,192,60,4,
S0224,C110,I042,A015,B01,2026-06-18 09:00:00,2026-06-18 11:00:00,2026-06-18 10:00:00,2026-06-18 12:00:00,completed,60,,Solo,Dev Bose,PPL,B02,45,9.9,2025-12-24,Capt Pillai 42,B01,SR20,175,121,VT-JET015,SR20,B01,165,34,9,
S0225,C104,I097,A010,B04,2026-05-01 10:00:00,2026-05-01 12:00:00,2026-05-01 10:20:00,2026-05-01 12:20:00,completed,20,,Circuit,Anjali Kale,CPL,B01,200,49.2,2026-04-15,Capt Kapoor 97,B04,DA42,201,199,VT-JET010,DA42,B04,170,70,13,
S0226,C092,I028,A073,B02,2026-06-20 13:00:00,2026-06-20 14:30:00,,,cancelled,0,Weather,Cross Country,Aditya Nair,PPL,B03,45,13.5,2025-10-02,Capt Iyer 28,B02,C152,166,44,VT-AIR073,C152,B02,219,90,13,
S0227,C082,I059,A056,B02,2026-05-02 06:00:00,2026-05-02 07:30:00,,,cancelled,0,Instructor Unavailable,Navigation,Sanya Rao,PPL,B04,45,27.0,2026-01-28,Capt Rao 59,B02,PA28,154,46,VT-EAG056,PA28,B02,125,22,9,
S0228,C124,I064,A104,B02,2026-05-17 09:00:00,2026-05-17 11:00:00,2026-05-17 10:00:00,2026-05-17 12:00:00,completed,60,,Navigation,Lata Nambiar,CPL,B01,200,53.5,2026-03-09,Capt Bose 64,B02,PA28,166,83,VT-SKY104,PA28,B02,125,32,1,
S0229,C084,I074,A081,B01,2026-05-04 05:00:00,2026-05-04 06:30:00,2026-05-04 06:00:00,2026-05-04 07:30:00,completed,60,,Cross Country,Vikram Nair,PPL,B04,45,32.9,2025-12-08,Capt Sharma 74,B01,C172,130,103,VT-SKY081,C172,B01,220,34,3,
S0230,C028,I062,A054,B04,2026-06-29 16:00:00,2026-06-29 17:30:00,2026-06-29 16:20:00,2026-06-29 17:50:00,completed,20,,Instrument Flying,Kabir Malhotra,PPL,B02,45,12.4,2025-09-04,Capt Rao 62,B04,DA40,212,57,VT-JET054,DA40,B04,156,26,1,
S0231,C044,I074,A075,B01,2026-05-19 06:00:00,2026-05-19 07:30:00,2026-05-19 07:00:00,2026-05-19 08:30:00,completed,60,,Night Flying,Priya Menon,CPL,B04,200,62.5,2025-08-10,Capt Sharma 74,B01,C172,130,103,VT-FOX075,C172,B01,220,16,4,
S0232,C128,I015,A083,B02,2026-06-28 02:00:00,2026-06-28 03:00:00,,,cancelled,0,Aircraft Defect,Cross Country,Kiran Menon,CPL,B03,200,98.2,2025-01-04,Capt Menon 15,B02,DA40,173,51,VT-FOX083,DA40,B02,173,76,13,
S0233,C075,I062,A033,B02,2026-05-30 05:00:00,2026-05-30 07:00:00,2026-05-30 05:05:00,2026-05-30 07:05:00,completed,5,,Cross Country,Ishaan Verma,PPL,B02,45,36.2,2025-01-18,Capt Rao 62,B04,DA40,212,57,VT-SKY033,DA40,B02,192,48,6,instructor_base_mismatch
S0234,C036,I058,A049,B04,2026-06-03 02:00:00,2026-06-03 04:00:00,2026-06-03 02:20:00,2026-06-03 04:20:00,completed,20,,Circuit,Vikram Malhotra,PPL,B03,45,20.7,2025-03-24,Capt Kapoor 58,B04,C172,96,91,VT-SKY049,C172,B04,126,16,15,
S0235,C032,I091,A005,B01,2026-05-16 09:00:00,2026-05-16 11:00:00,2026-05-16 09:45:00,2026-05-16 11:45:00,completed,45,,Night Flying,Rohan Malhotra,PPL,B01,45,11.1,2025-08-02,Capt Kapoor 91,B01,C152,151,146,VT-HAW005,C152,B01,120,25,1,
S0236,C113,I095,A041,B03,2026-06-15 00:00:00,2026-06-15 01:00:00,2026-06-15 00:30:00,2026-06-15 01:30:00,completed,30,,Cross Country,Neha Patel,PPL,B04,45,17.8,2025-03-06,Capt Singh 95,B03,C152,114,113,VT-HAW041,C152,B03,178,51,11,
S0237,C125,I068,A112,B03,2026-06-15 06:00:00,2026-06-15 07:30:00,2026-06-15 06:45:00,2026-06-15 08:15:00,completed,45,,Navigation,Kabir Singh,PPL,B02,45,22.3,2025-04-18,Capt Rao 68,B03,DA42,173,101,VT-JET112,DA42,B03,166,70,9,
S0238,C099,I058,A062,B04,2026-05-02 12:00:00,2026-05-02 13:30:00,2026-05-02 12:15:00,2026-05-02 13:45:00,completed,15,,Navigation,Tanya Verma,CPL,B02,200,26.3,2025-02-25,Capt Kapoor 58,B04,C172,96,91,VT-AIR062,C172,B04,151,63,0,
S0239,C117,I070,A061,B02,2026-05-25 13:00:00,2026-05-25 14:00:00,2026-05-25 13:45:00,2026-05-25 14:45:00,completed,45,,Navigation,Nikhil Patel,PPL,B02,45,31.4,2025-06-08,Capt Sharma 70,B02,PA28,87,44,VT-AIR061,PA28,B02,183,22,1,
S0240,C035,I022,A023,B04,2026-05-05 12:00:00,2026-05-05 13:00:00,2026-05-05 12:05:00,2026-05-05 13:05:00,completed,5,,Cross Country,Dev Singh,PPL,B02,45,42.3,2025-06-26,Capt Sharma 22,B04,DA40,110,55,VT-EAG023,DA40,B04,124,53,11,
S0241,C083,I066,A046,B03,2026-05-05 15:00:00,2026-05-05 16:30:00,2026-05-05 15:20:00,2026-05-05 16:50:00,completed,20,,Circuit,Swati Jain,CPL,B03,200,34.3,2025-09-12,Capt Iyer 66,B03,SR20,185,155,VT-JET046,SR20,B03,158,18,7,
S0242,C026,I088,A092,B03,2026-05-30 00:00:00,2026-05-30 01:30:00,2026-05-30 00:05:00,2026-05-30 01:35:00,completed,5,,Cross Country,Dev Sharma,CPL,B01,200,118.9,2026-03-06,Capt Sharma 88,B03,C172,87,87,VT-FOX092,C172,B03,135,9,11,
S0243,C064,I075,A069,B01,2026-06-25 21:00:00,2026-06-25 22:00:00,,,cancelled,0,Fuel Delay,Instrument Flying,Neha Nair,PPL,B04,45,11.9,2026-01-30,Capt Singh 75,B01,DA42,201,134,VT-JET069,DA42,B01,156,22,4,
S0244,C021,I037,A013,B03,2026-06-28 10:00:00,2026-06-28 12:00:00,2026-06-28 10:00:00,2026-06-28 12:00:00,completed,0,,Instrument Flying,Aditya Singh,CPL,B01,200,81.7,2025-02-18,Capt Sharma 37,B04,C152,159,51,VT-JET013,C152,B03,129,51,0,instructor_base_mismatch
S0245,C130,I005,A064,B03,2026-05-02 15:00:00,2026-05-02 17:00:00,2026-05-02 15:10:00,2026-05-02 17:10:00,completed,10,,Solo,Meera Bose,CPL,B02,200,186.0,2026-01-27,Capt Rao 5,B03,DA42,96,74,VT-JET064,DA42,B03,151,51,5,
S0246,C146,I081,A098,B03,2026-05-19 10:00:00,2026-05-19 11:00:00,2026-05-19 10:05:00,2026-05-19 11:05:00,completed,5,,General Handling,Pushpa Murthy,PPL,B03,45,26.1,2025-08-11,Capt Iyer 81,B03,PA28,195,106,VT-SKY098,PA28,B03,173,21,13,
S0247,C143,I008,A084,B03,2026-05-01 15:00:00,2026-05-01 17:00:00,2026-05-01 15:00:00,2026-05-01 17:00:00,completed,0,,Circuit,Ananya Verma,CPL,B04,200,69.0,2025-12-01,Capt Verma 8,B03,DA40,91,48,VT-FOX084,DA40,B03,124,43,0,
S0248,C117,I069,A108,B01,2026-05-26 05:00:00,2026-05-26 06:00:00,2026-05-26 06:00:00,2026-05-26 07:00:00,completed,60,,General Handling,Nikhil Patel,PPL,B02,45,31.4,2025-06-08,Capt Pillai 69,B01,PA28,84,51,VT-SKY108,PA28,B01,146,48,1,
S0249,C124,I041,A009,B03,2026-05-06 11:00:00,2026-05-06 12:00:00,2026-05-06 12:00:00,2026-05-06 13:00:00,completed,60,,General Handling,Lata Nambiar,CPL,B01,200,53.5,2026-03-09,Capt Iyer 41,B03,SR20,101,69,VT-EAG009,SR20,B03,197,220,0,maintenance_data_error
S0250,C061,I004,A053,B01,2026-06-24 01:00:00,2026-06-24 02:00:00,2026-06-24 01:45:00,2026-06-24 02:45:00,completed,45,,Navigation,Rohan Singh,PPL,B02,45,30.4,2025-04-28,Capt Bose 4,B01,DA42,153,76,VT-AIR053,DA42,B01,213,54,8,
S0251,C112,I092,A088,B03,2026-06-26 02:00:00,2026-06-26 03:30:00,2026-06-26 03:15:00,2026-06-26 04:45:00,completed,75,,General Handling,Arjun Pillai,CPL,B01,200,55.8,2025-09-14,Capt Iyer 92,B03,PA28,146,48,VT-AIR088,PA28,B03,201,14,13,
S0252,C037,I067,A116,B03,2026-06-27 22:00:00,2026-06-27 23:00:00,2026-06-27 22:05:00,2026-06-27 23:05:00,completed,5,,General Handling,Harsh Srivastava,CPL,B02,200,118.5,2025-04-11,Capt Iyer 67,B03,DA40,219,201,VT-JET116,DA40,B03,167,42,10,
S0253,C141,I011,A060,B03,2026-06-16 09:00:00,2026-06-16 10:30:00,2026-06-16 09:15:00,2026-06-16 10:45:00,completed,15,,Night Flying,Vinod Gopal,PPL,B01,45,12.7,2025-09-13,Capt Sharma 11,B03,C152,142,42,VT-HAW060,C152,B03,192,60,4,
S0254,C090,I003,A025,B02,2026-06-29 19:00:00,2026-06-29 21:00:00,2026-06-29 19:15:00,2026-06-29 21:15:00,completed,15,,General Handling,Aditi Gupta,CPL,B04,200,78.5,2026-03-22,Capt Pillai 3,B01,DA40,123,106,VT-AIR025,DA40,B02,211,91,2,instructor_base_mismatch
S0255,C012,I095,A026,B03,2026-05-10 05:00:00,2026-05-10 06:00:00,2026-05-10 05:15:00,2026-05-10 06:15:00,completed,15,,Cross Country,Aditi Pillai,CPL,B04,200,84.3,2026-03-06,Capt Singh 95,B03,C152,114,113,VT-EAG026,C152,B03,200,12,4,
S0256,C132,I058,A068,B04,2026-06-10 16:00:00,2026-06-10 17:30:00,,,cancelled,0,Weather,Navigation,Aditya Pillai,PPL,B01,45,12.3,2025-08-24,Capt Kapoor 58,B04,C172,96,91,VT-JET068,C172,B04,191,29,1,
S0257,C011,I028,A103,B02,2026-06-21 08:00:00,2026-06-21 10:00:00,2026-06-21 09:15:00,2026-06-21 11:15:00,completed,75,,Navigation,Sanya Gupta,CPL,B02,200,11.0,2025-03-06,Capt Iyer 28,B02,C152,166,44,VT-AIR103,C152,B02,159,41,15,
S0258,C142,I069,A082,B01,2026-05-15 08:00:00,2026-05-15 09:30:00,,,cancelled,0,Fuel Delay,Navigation,Meera Malhotra,CPL,B04,200,89.0,2025-04-16,Capt Pillai 69,B01,PA28,84,51,VT-AIR082,PA28,B01,151,23,8,
S0259,C111,I086,A032,B03,2026-06-30 22:00:00,2026-06-30 23:30:00,2026-06-30 23:00:00,2026-06-01 00:30:00,completed,60,,Night Flying,Kabir Pillai,PPL,B03,45,7.4,2026-04-26,Capt Kapoor 86,B03,DA42,162,109,VT-EAG032,DA42,B03,184,18,7,
S0260,C070,I032,A067,B04,2026-05-06 21:00:00,2026-05-06 22:00:00,2026-05-06 22:00:00,2026-05-06 23:00:00,completed,60,,Cross Country,Vikram Singh,PPL,B04,45,13.6,2025-09-23,Capt Sharma 32,B04,SR20,102,62,VT-AIR067,SR20,B04,148,31,12,
S0261,C110,I059,A104,B02,2026-06-16 01:00:00,2026-06-16 02:00:00,2026-06-16 01:30:00,2026-06-16 02:30:00,completed,30,,General Handling,Dev Bose,PPL,B02,45,9.9,2025-12-24,Capt Rao 59,B02,PA28,154,46,VT-SKY104,PA28,B02,125,32,1,
S0262,C037,I100,A053,B01,2026-06-25 16:00:00,2026-06-25 17:00:00,2026-06-25 16:30:00,2026-06-25 17:30:00,completed,30,,General Handling,Harsh Srivastava,CPL,B02,200,118.5,2025-04-11,Capt Bose 100,B04,DA42,154,116,VT-AIR053,DA42,B01,213,54,8,instructor_base_mismatch
S0263,C083,I088,A001,B03,2026-05-09 14:00:00,2026-05-09 16:00:00,2026-05-09 15:15:00,2026-05-09 17:15:00,completed,75,,Navigation,Swati Jain,CPL,B03,200,34.3,2025-09-12,Capt Sharma 88,B03,C172,87,87,VT-SKY001,C152,B03,126,22,3,qualification_mismatch
S0264,C011,I051,A065,B03,2026-06-12 02:00:00,2026-06-12 03:30:00,2026-06-12 03:00:00,2026-06-12 04:30:00,completed,60,,Cross Country,Sanya Gupta,CPL,B02,200,11.0,2025-03-06,Capt Sharma 51,B03,DA42,114,81,VT-FOX065,DA42,B03,158,19,6,
S0265,C143,I023,A066,B02,2026-06-17 05:00:00,2026-06-17 06:00:00,2026-06-17 05:20:00,2026-06-17 06:20:00,completed,20,,General Handling,Ananya Verma,CPL,B04,200,69.0,2025-12-01,Capt Menon 23,B02,DA40,116,86,VT-HAW066,DA40,B02,185,8,14,
S0266,C148,I039,A116,B03,2026-06-12 18:00:00,2026-06-12 19:30:00,2026-06-12 18:15:00,2026-06-12 19:45:00,completed,15,,Circuit,Sudha Kumar,CPL,B04,200,76.8,2026-03-23,Capt Bose 39,B03,DA40,208,91,VT-JET116,DA40,B03,167,42,10,
S0267,C043,I005,A112,B03,2026-05-28 03:00:00,2026-05-28 04:00:00,2026-05-28 03:10:00,2026-05-28 04:10:00,completed,10,,General Handling,Kabir Nair,PPL,B04,45,33.9,2025-10-25,Capt Rao 5,B03,DA42,96,74,VT-JET112,DA42,B03,166,70,9,
S0268,C066,I018,A019,B04,2026-05-21 13:00:00,2026-05-21 14:00:00,2026-05-21 14:00:00,2026-05-21 15:00:00,completed,60,,Circuit,Sneha Singh,CPL,B01,200,75.6,2025-08-03,Capt Kapoor 18,B04,DA42,206,197,VT-JET019,DA42,B04,207,39,0,
S0269,C028,I022,A007,B04,2026-06-06 04:00:00,2026-06-06 05:30:00,2026-06-06 04:15:00,2026-06-06 05:45:00,completed,15,,General Handling,Kabir Malhotra,PPL,B02,45,12.4,2025-09-04,Capt Sharma 22,B04,DA40,110,55,VT-JET007,DA40,B04,175,78,1,
S0270,C096,I058,A049,B04,2026-05-22 22:00:00,2026-05-22 23:30:00,2026-05-22 22:00:00,2026-05-22 23:30:00,completed,0,,Cross Country,Sanya Gupta,PPL,B02,45,38.2,2025-05-04,Capt Kapoor 58,B04,C172,96,91,VT-SKY049,C172,B04,126,16,15,
S0271,C074,I045,A031,B02,2026-06-08 10:00:00,2026-06-08 11:00:00,2026-06-08 11:15:00,2026-06-08 12:15:00,completed,75,,General Handling,Tarun Agrawal,PPL,B04,45,35.4,2025-11-29,Capt Pillai 45,B02,SR20,175,170,VT-EAG031,SR20,B02,186,46,10,
S0272,C036,I011,A109,B03,2026-05-24 20:00:00,2026-05-24 22:00:00,2026-05-24 20:45:00,2026-05-24 22:45:00,completed,45,,Circuit,Vikram Malhotra,PPL,B03,45,20.7,2025-03-24,Capt Sharma 11,B03,C152,142,42,VT-EAG109,C152,B03,172,65,5,
S0273,C145,I023,A071,B02,2026-05-12 16:00:00,2026-05-12 17:30:00,2026-05-12 16:10:00,2026-05-12 17:40:00,completed,10,,General Handling,Kiran Rao,PPL,B04,45,15.8,2025-12-04,Capt Menon 23,B02,DA40,116,86,VT-FOX071,DA40,B02,186,50,12,
S0274,C123,I001,A002,B03,2026-06-24 19:00:00,2026-06-24 21:00:00,2026-06-24 19:00:00,2026-06-24 21:00:00,completed,0,,Solo,Rahul Sharma,CPL,B01,200,169.1,2025-07-21,Capt Verma 1,B03,SR20,105,68,VT-EAG002,SR20,B03,124,29,10,
S0275,C093,I058,A068,B04,2026-06-12 03:00:00,2026-06-12 05:00:00,2026-06-12 03:05:00,2026-06-12 05:05:00,completed,5,,Instrument Flying,Kiran Malhotra,PPL,B04,45,29.1,2026-02-02,Capt Kapoor 58,B04,C172,96,91,VT-JET068,C172,B04,191,29,1,
S0276,C057,I038,A086,B04,2026-06-16 04:00:00,2026-06-16 05:30:00,2026-06-16 04:10:00,2026-06-16 05:40:00,completed,10,,Solo,Dev Pillai,CPL,B04,200,87.8,2025-03-19,Capt Gupta 38,B04,DA40,140,54,VT-EAG086,DA40,B04,168,28,3,
S0277,C001,I013,A011,B02,2026-05-13 14:00:00,2026-05-13 16:00:00,2026-05-13 14:30:00,2026-05-13 16:30:00,completed,30,,Instrument Flying,Sanya Verma,CPL,B04,200,150.3,2026-02-14,Capt Pillai 13,B02,DA42,88,52,VT-SKY011,DA42,B02,167,70,2,
S0278,C011,I095,A100,B03,2026-05-11 06:00:00,2026-05-11 07:00:00,,,cancelled,0,Instructor Unavailable,Circuit,Sanya Gupta,CPL,B02,200,11.0,2025-03-06,Capt Singh 95,B03,C152,114,113,VT-EAG100,C152,B03,135,55,1,
S0279,C018,I067,A094,B03,2026-06-10 12:00:00,2026-06-10 13:00:00,2026-06-10 12:30:00,2026-06-10 13:30:00,completed,30,,Cross Country,Ananya Patel,CPL,B01,200,71.4,2026-03-26,Capt Iyer 67,B03,DA40,219,201,VT-SKY094,DA40,B03,205,73,9,
S0280,C076,I072,A104,B02,2026-06-16 04:00:00,2026-06-16 05:30:00,2026-06-16 05:00:00,2026-06-16 06:30:00,completed,60,,General Handling,Kabir Rao,PPL,B04,45,15.8,2025-10-03,Capt Rao 72,B02,PA28,209,50,VT-SKY104,PA28,B02,125,32,1,
S0281,C075,I088,A107,B03,2026-05-09 01:00:00,2026-05-09 02:00:00,,,cancelled,0,Instructor Unavailable,Instrument Flying,Ishaan Verma,PPL,B02,45,36.2,2025-01-18,Capt Sharma 88,B03,C172,87,87,VT-JET107,C172,B03,147,10,0,
S0282,C133,I046,A057,B01,2026-05-16 18:00:00,2026-05-16 19:30:00,2026-05-16 19:00:00,2026-05-16 20:30:00,completed,60,,Navigation,Paresh Subramaniam,PPL,B02,45,9.6,2025-04-02,Capt Bose 46,B01,DA40,200,126,VT-AIR057,DA40,B01,183,64,3,
S0283,C024,I017,A051,B02,2026-05-09 20:00:00,2026-05-09 22:00:00,2026-05-09 21:00:00,2026-05-09 23:00:00,completed,60,,General Handling,Arjun Singh,PPL,B04,45,23.9,2025-01-17,Capt Verma 17,B02,DA40,143,100,VT-FOX051,DA40,B02,189,23,1,
S0284,C150,I017,A027,B02,2026-06-07 04:00:00,2026-06-07 06:00:00,,,cancelled,0,Weather,Solo,Arjun Patel,PPL,B02,45,27.9,2026-04-20,Capt Verma 17,B02,DA40,143,100,VT-JET027,DA40,B02,203,42,10,
S0285,C005,I091,A059,B01,2026-06-29 03:00:00,2026-06-29 05:00:00,,,cancelled,0,ATC Restriction,Cross Country,Sneha Sharma,PPL,B02,45,34.1,2025-09-06,Capt Kapoor 91,B01,C152,151,146,VT-JET059,C152,B01,201,55,1,
S0286,C062,I045,A015,B01,2026-05-27 05:00:00,2026-05-27 07:00:00,2026-05-27 06:00:00,2026-05-27 08:00:00,completed,60,,Instrument Flying,Nidhi Dwivedi,PPL,B03,45,41.6,2025-01-02,Capt Pillai 45,B02,SR20,175,170,VT-JET015,SR20,B01,165,34,9,instructor_base_mismatch
S0287,C009,I068,A085,B03,2026-06-05 10:00:00,2026-06-05 11:00:00,2026-06-05 10:20:00,2026-06-05 11:20:00,completed,20,,Night Flying,Rahul Kapoor,CPL,B04,200,90.8,2025-02-27,Capt Rao 68,B03,DA42,173,101,VT-SKY085,DA42,B03,164,69,2,
S0288,C088,I069,A091,B01,2026-06-22 02:00:00,2026-06-22 04:00:00,2026-06-22 03:15:00,2026-06-22 05:15:00,completed,75,,Circuit,Priya Bose,CPL,B02,200,175.4,2025-02-02,Capt Pillai 69,B01,PA28,84,51,VT-SKY091,PA28,B01,166,28,8,
S0289,C113,I046,A063,B01,2026-05-09 19:00:00,2026-05-09 21:00:00,,,cancelled,0,Instructor Unavailable,General Handling,Neha Patel,PPL,B04,45,17.8,2025-03-06,Capt Bose 46,B01,DA40,200,126,VT-HAW063,DA40,B01,121,31,1,
S0290,C045,I061,A007,B04,2026-05-31 12:00:00,2026-05-31 14:00:00,2026-05-31 12:30:00,2026-05-31 14:30:00,completed,30,,Instrument Flying,Vikram Sharma,PPL,B02,45,16.3,2025-12-11,Capt Gupta 61,B04,DA40,166,93,VT-JET007,DA40,B04,175,78,1,
S0291,C047,I042,A050,B01,2026-06-05 01:00:00,2026-06-05 03:00:00,2026-06-05 02:00:00,2026-06-05 04:00:00,completed,60,,Cross Country,Tanya Bose,PPL,B01,45,8.6,2025-11-18,Capt Pillai 42,B01,SR20,175,121,VT-JET050,SR20,B01,213,21,15,
S0292,C079,I058,A062,B04,2026-05-30 17:00:00,2026-05-30 18:00:00,2026-05-30 17:20:00,2026-05-30 18:20:00,completed,20,,Solo,Arjun Kapoor,PPL,B01,45,29.5,2025-07-20,Capt Kapoor 58,B04,C172,96,91,VT-AIR062,C172,B04,151,63,0,
S0293,C029,I078,A093,B03,2026-06-03 12:00:00,2026-06-03 13:00:00,2026-06-03 13:00:00,2026-06-03 14:00:00,completed,60,,Navigation,Tanya Gupta,CPL,B04,200,90.7,2026-04-11,Capt Pillai 78,B03,C172,217,211,VT-JET093,C172,B03,136,21,3,
S0294,C059,I091,A005,B01,2026-05-31 14:00:00,2026-05-31 16:00:00,2026-05-31 15:15:00,2026-05-31 17:15:00,completed,75,,Solo,Sunita Tiwari,PPL,B04,45,19.0,2025-03-24,Capt Kapoor 91,B01,C152,151,146,VT-HAW005,C152,B01,120,25,1,
S0295,C045,I055,A009,B03,2026-06-04 10:00:00,2026-06-04 11:30:00,2026-06-04 10:00:00,2026-06-04 11:30:00,completed,0,,Cross Country,Vikram Sharma,PPL,B02,45,16.3,2025-12-11,Capt Bose 55,B03,SR20,146,57,VT-EAG009,SR20,B03,197,220,0,maintenance_data_error
S0296,C137,I043,A001,B03,2026-06-13 22:00:00,2026-06-13 23:00:00,2026-06-13 22:10:00,2026-06-13 23:10:00,completed,10,,Instrument Flying,Sneha Nair,PPL,B02,45,12.6,2025-05-30,Capt Sharma 43,B04,C152,167,47,VT-SKY001,C152,B03,126,22,3,instructor_base_mismatch
S0297,C108,I075,A040,B01,2026-05-14 15:00:00,2026-05-14 17:00:00,2026-05-14 16:00:00,2026-05-14 18:00:00,completed,60,,Solo,Akash Naik,PPL,B01,45,36.6,2025-02-21,Capt Singh 75,B01,DA42,201,134,VT-SKY040,DA42,B01,209,79,11,
S0298,C032,I089,A084,B03,2026-06-30 20:00:00,2026-06-30 21:30:00,2026-06-30 21:15:00,2026-06-30 22:45:00,completed,75,,Night Flying,Rohan Malhotra,PPL,B01,45,11.1,2025-08-02,Capt Menon 89,B03,DA40,202,110,VT-FOX084,DA40,B03,124,43,0,
S0299,C028,I072,A098,B03,2026-05-09 13:00:00,2026-05-09 14:00:00,2026-05-09 14:15:00,2026-05-09 15:15:00,completed,75,,Instrument Flying,Kabir Malhotra,PPL,B02,45,12.4,2025-09-04,Capt Rao 72,B02,PA28,209,50,VT-SKY098,PA28,B03,173,21,13,instructor_base_mismatch
S0300,C125,I049,A005,B01,2026-06-15 18:00:00,2026-06-15 19:00:00,2026-06-15 18:15:00,2026-06-15 19:15:00,completed,15,,General Handling,Kabir Singh,PPL,B02,45,22.3,2025-04-18,Capt Rao 49,B01,C152,194,125,VT-HAW005,C152,B01,120,25,1,
